seed,scheduler,tx_size_dist,cross_shard_prob,overlap_prob,zipf_alpha,avg_remote_reads_per_batch,avg_runtime_per_batch_s
0,best_program,light,0.25,0.0,0.8,1152.2,0.001482
0,paper,light,0.25,0.0,0.8,1136.8,1.352099
0,best_program,light,0.25,0.0,1.2,1355.0,0.001217
0,paper,light,0.25,0.0,1.2,896.4,1.35683
0,best_program,light,0.25,0.3,0.8,1198.0,0.001459
0,paper,light,0.25,0.3,0.8,1145.8,1.36211
0,best_program,light,0.25,0.3,1.2,1366.0,0.00117
0,paper,light,0.25,0.3,1.2,882.6,1.357349
0,best_program,light,0.25,0.6,0.8,1199.2,0.001421
0,paper,light,0.25,0.6,0.8,1103.8,1.33513
0,best_program,light,0.25,0.6,1.2,1383.0,0.001137
0,paper,light,0.25,0.6,1.2,881.2,1.373737
0,best_program,light,0.25,0.9,0.8,1281.4,0.001305
0,paper,light,0.25,0.9,0.8,1089.6,1.335902
0,best_program,light,0.25,0.9,1.2,1393.0,0.001323
0,paper,light,0.25,0.9,1.2,866.8,1.404126
0,best_program,light,0.5,0.0,0.8,1128.6,0.00153
0,paper,light,0.5,0.0,0.8,1107.0,1.295521
0,best_program,light,0.5,0.0,1.2,1363.0,0.001265
0,paper,light,0.5,0.0,1.2,873.6,1.297138
0,best_program,light,0.5,0.3,0.8,1175.4,0.001545
0,paper,light,0.5,0.3,0.8,1110.6,1.305302
0,best_program,light,0.5,0.3,1.2,1366.2,0.001262
0,paper,light,0.5,0.3,1.2,848.0,1.269586
0,best_program,light,0.5,0.6,0.8,1214.8,0.001417
0,paper,light,0.5,0.6,0.8,1088.4,1.260041
0,best_program,light,0.5,0.6,1.2,1369.6,0.00121
0,paper,light,0.5,0.6,1.2,863.6,1.280761
0,best_program,light,0.5,0.9,0.8,1286.2,0.001474
0,paper,light,0.5,0.9,0.8,1080.6,1.254363
0,best_program,light,0.5,0.9,1.2,1366.4,0.001172
0,paper,light,0.5,0.9,1.2,839.2,1.257208
0,best_program,light,0.75,0.0,0.8,1148.2,0.001528
0,paper,light,0.75,0.0,0.8,1116.6,1.251777
0,best_program,light,0.75,0.0,1.2,1315.6,0.001386
0,paper,light,0.75,0.0,1.2,852.2,1.241225
0,best_program,light,0.75,0.3,0.8,1205.8,0.001541
0,paper,light,0.75,0.3,0.8,1135.0,1.253012
0,best_program,light,0.75,0.3,1.2,1341.4,0.00132
0,paper,light,0.75,0.3,1.2,828.8,1.268458
0,best_program,light,0.75,0.6,0.8,1239.2,0.001461
0,paper,light,0.75,0.6,0.8,1130.6,1.286874
0,best_program,light,0.75,0.6,1.2,1382.8,0.001312
0,paper,light,0.75,0.6,1.2,869.6,1.246284
0,best_program,light,0.75,0.9,0.8,1281.8,0.001412
0,paper,light,0.75,0.9,0.8,1118.4,1.249455
0,best_program,light,0.75,0.9,1.2,1368.6,0.001222
0,paper,light,0.75,0.9,1.2,839.4,1.225589
0,best_program,medium,0.25,0.0,0.8,2272.8,0.002073
0,paper,medium,0.25,0.0,0.8,2150.8,1.932286
0,best_program,medium,0.25,0.0,1.2,2440.0,0.001653
0,paper,medium,0.25,0.0,1.2,1978.6,2.252211
0,best_program,medium,0.25,0.3,0.8,2338.4,0.001962
0,paper,medium,0.25,0.3,0.8,2173.2,1.974244
0,best_program,medium,0.25,0.3,1.2,2460.2,0.002322
0,paper,medium,0.25,0.3,1.2,1950.0,2.288897
0,best_program,medium,0.25,0.6,0.8,2368.2,0.001926
0,paper,medium,0.25,0.6,0.8,2205.0,2.03418
0,best_program,medium,0.25,0.6,1.2,2498.4,0.001572
0,paper,medium,0.25,0.6,1.2,2036.8,2.427426
0,best_program,medium,0.25,0.9,0.8,2412.4,0.001999
0,paper,medium,0.25,0.9,0.8,2199.4,2.126913
0,best_program,medium,0.25,0.9,1.2,2427.6,0.001507
0,paper,medium,0.25,0.9,1.2,2006.8,2.430553
0,best_program,medium,0.5,0.0,0.8,2259.2,0.002102
0,paper,medium,0.5,0.0,0.8,2141.0,2.396688
0,best_program,medium,0.5,0.0,1.2,2423.4,0.002766
0,paper,medium,0.5,0.0,1.2,1882.4,2.330978
0,best_program,medium,0.5,0.3,0.8,2324.6,0.002118
0,paper,medium,0.5,0.3,0.8,2161.0,2.02314
0,best_program,medium,0.5,0.3,1.2,2432.4,0.001692
0,paper,medium,0.5,0.3,1.2,1963.0,2.216402
0,best_program,medium,0.5,0.6,0.8,2323.0,0.001918
0,paper,medium,0.5,0.6,0.8,2127.2,2.327998
0,best_program,medium,0.5,0.6,1.2,2422.2,0.001658
0,paper,medium,0.5,0.6,1.2,1941.0,2.36973
0,best_program,medium,0.5,0.9,0.8,2380.8,0.001869
0,paper,medium,0.5,0.9,0.8,2143.4,1.977241
0,best_program,medium,0.5,0.9,1.2,2454.0,0.001652
0,paper,medium,0.5,0.9,1.2,1960.6,2.368993
0,best_program,medium,0.75,0.0,0.8,2245.8,0.00212
0,paper,medium,0.75,0.0,0.8,2122.2,2.005068
0,best_program,medium,0.75,0.0,1.2,2412.6,0.001748
0,paper,medium,0.75,0.0,1.2,1852.8,2.184076
0,best_program,medium,0.75,0.3,0.8,2249.0,0.002023
0,paper,medium,0.75,0.3,0.8,2080.2,1.936614
0,best_program,medium,0.75,0.3,1.2,2468.2,0.001998
0,paper,medium,0.75,0.3,1.2,1955.2,2.314385
0,best_program,medium,0.75,0.6,0.8,2295.0,0.001974
0,paper,medium,0.75,0.6,0.8,2096.8,2.10224
0,best_program,medium,0.75,0.6,1.2,2384.4,0.001654
0,paper,medium,0.75,0.6,1.2,1892.4,2.189573
0,best_program,medium,0.75,0.9,0.8,2372.2,0.001861
0,paper,medium,0.75,0.9,0.8,2144.4,2.000842
0,best_program,medium,0.75,0.9,1.2,2470.4,0.001665
0,paper,medium,0.75,0.9,1.2,1955.4,2.370091
0,best_program,heavy,0.25,0.0,0.8,5426.6,0.003753
0,paper,heavy,0.25,0.0,0.8,5092.0,4.346197
0,best_program,heavy,0.25,0.0,1.2,5175.0,0.002715
0,paper,heavy,0.25,0.0,1.2,5211.0,4.531293
0,best_program,heavy,0.25,0.3,0.8,5488.6,0.003312
0,paper,heavy,0.25,0.3,0.8,5089.6,4.188514
0,best_program,heavy,0.25,0.3,1.2,5236.6,0.002858
0,paper,heavy,0.25,0.3,1.2,5342.8,4.820616
0,best_program,heavy,0.25,0.6,0.8,5481.8,0.00313
0,paper,heavy,0.25,0.6,0.8,5045.6,4.232335
0,best_program,heavy,0.25,0.6,1.2,5005.4,0.002569
0,paper,heavy,0.25,0.6,1.2,5283.0,4.823499
0,best_program,heavy,0.25,0.9,0.8,5601.6,0.003007
0,paper,heavy,0.25,0.9,0.8,5159.0,4.316994
0,best_program,heavy,0.25,0.9,1.2,5001.8,0.002523
0,paper,heavy,0.25,0.9,1.2,5416.4,5.112577
0,best_program,heavy,0.5,0.0,0.8,5415.8,0.003347
0,paper,heavy,0.5,0.0,0.8,5070.0,4.040935
0,best_program,heavy,0.5,0.0,1.2,5310.6,0.002754
0,paper,heavy,0.5,0.0,1.2,5313.2,4.789056
0,best_program,heavy,0.5,0.3,0.8,5474.4,0.003553
0,paper,heavy,0.5,0.3,0.8,5079.8,4.289382
0,best_program,heavy,0.5,0.3,1.2,5204.8,0.003897
0,paper,heavy,0.5,0.3,1.2,5367.8,5.123243
0,best_program,heavy,0.5,0.6,0.8,5498.8,0.003341
0,paper,heavy,0.5,0.6,0.8,5083.0,4.560055
0,best_program,heavy,0.5,0.6,1.2,5049.2,0.002604
0,paper,heavy,0.5,0.6,1.2,5455.4,4.807394
0,best_program,heavy,0.5,0.9,0.8,5542.0,0.00313
0,paper,heavy,0.5,0.9,0.8,5079.2,4.125511
0,best_program,heavy,0.5,0.9,1.2,4829.8,0.002556
0,paper,heavy,0.5,0.9,1.2,5221.2,4.707524
0,best_program,heavy,0.75,0.0,0.8,5396.4,0.003451
0,paper,heavy,0.75,0.0,0.8,5021.0,4.007208
0,best_program,heavy,0.75,0.0,1.2,5391.4,0.003081
0,paper,heavy,0.75,0.0,1.2,5368.4,4.667079
0,best_program,heavy,0.75,0.3,0.8,5478.6,0.00328
0,paper,heavy,0.75,0.3,0.8,5060.6,4.188007
0,best_program,heavy,0.75,0.3,1.2,5202.2,0.002819
0,paper,heavy,0.75,0.3,1.2,5325.0,4.606131
0,best_program,heavy,0.75,0.6,0.8,5487.8,0.00315
0,paper,heavy,0.75,0.6,0.8,5073.4,4.392777
0,best_program,heavy,0.75,0.6,1.2,5222.8,0.002593
0,paper,heavy,0.75,0.6,1.2,5364.8,4.887923
0,best_program,heavy,0.75,0.9,0.8,5527.6,0.003069
0,paper,heavy,0.75,0.9,0.8,5070.2,4.210571
0,best_program,heavy,0.75,0.9,1.2,5134.2,0.002581
0,paper,heavy,0.75,0.9,1.2,5299.6,4.906406
1000,best_program,light,0.25,0.0,0.8,1145.0,0.001599
1000,paper,light,0.25,0.0,0.8,1128.8,1.48346
1000,best_program,light,0.25,0.0,1.2,1318.6,0.001406
1000,paper,light,0.25,0.0,1.2,872.8,1.330173
1000,best_program,light,0.25,0.3,0.8,1177.8,0.001489
1000,paper,light,0.25,0.3,0.8,1121.6,1.331835
1000,best_program,light,0.25,0.3,1.2,1364.6,0.001323
1000,paper,light,0.25,0.3,1.2,845.2,1.369188
1000,best_program,light,0.25,0.6,0.8,1214.6,0.001472
1000,paper,light,0.25,0.6,0.8,1125.6,1.313241
1000,best_program,light,0.25,0.6,1.2,1402.4,0.00128
1000,paper,light,0.25,0.6,1.2,907.2,1.327514
1000,best_program,light,0.25,0.9,0.8,1272.4,0.001407
1000,paper,light,0.25,0.9,0.8,1098.0,1.395004
1000,best_program,light,0.25,0.9,1.2,1383.8,0.001561
1000,paper,light,0.25,0.9,1.2,854.4,1.318645
1000,best_program,light,0.5,0.0,0.8,1135.8,0.001579
1000,paper,light,0.5,0.0,0.8,1111.8,1.313949
1000,best_program,light,0.5,0.0,1.2,1326.8,0.001374
1000,paper,light,0.5,0.0,1.2,865.2,1.29106
1000,best_program,light,0.5,0.3,0.8,1154.4,0.001553
1000,paper,light,0.5,0.3,0.8,1082.6,1.301559
1000,best_program,light,0.5,0.3,1.2,1347.2,0.001359
1000,paper,light,0.5,0.3,1.2,874.2,1.280621
1000,best_program,light,0.5,0.6,0.8,1215.4,0.001501
1000,paper,light,0.5,0.6,0.8,1079.2,1.260624
1000,best_program,light,0.5,0.6,1.2,1400.4,0.001311
1000,paper,light,0.5,0.6,1.2,877.6,1.285669
1000,best_program,light,0.5,0.9,0.8,1289.0,0.001468
1000,paper,light,0.5,0.9,0.8,1098.2,1.2555
1000,best_program,light,0.5,0.9,1.2,1400.4,0.001253
1000,paper,light,0.5,0.9,1.2,849.2,1.278714
1000,best_program,light,0.75,0.0,0.8,1151.4,0.001608
1000,paper,light,0.75,0.0,0.8,1115.2,1.311157
1000,best_program,light,0.75,0.0,1.2,1325.6,0.002818
1000,paper,light,0.75,0.0,1.2,842.4,1.285172
1000,best_program,light,0.75,0.3,0.8,1193.0,0.00161
1000,paper,light,0.75,0.3,0.8,1125.6,1.248932
1000,best_program,light,0.75,0.3,1.2,1345.6,0.001363
1000,paper,light,0.75,0.3,1.2,867.0,1.260304
1000,best_program,light,0.75,0.6,0.8,1233.0,0.001511
1000,paper,light,0.75,0.6,0.8,1114.6,1.244799
1000,best_program,light,0.75,0.6,1.2,1359.8,0.001544
1000,paper,light,0.75,0.6,1.2,864.2,1.363954
1000,best_program,light,0.75,0.9,0.8,1285.2,0.001438
1000,paper,light,0.75,0.9,0.8,1120.0,1.260905
1000,best_program,light,0.75,0.9,1.2,1371.4,0.001268
1000,paper,light,0.75,0.9,1.2,846.8,1.24417
1000,best_program,medium,0.25,0.0,0.8,2336.2,0.00211
1000,paper,medium,0.25,0.0,0.8,2226.8,2.014765
1000,best_program,medium,0.25,0.0,1.2,2524.2,0.001736
1000,paper,medium,0.25,0.0,1.2,2018.4,2.171147
1000,best_program,medium,0.25,0.3,0.8,2344.0,0.002571
1000,paper,medium,0.25,0.3,0.8,2188.2,2.052509
1000,best_program,medium,0.25,0.3,1.2,2459.6,0.001626
1000,paper,medium,0.25,0.3,1.2,2009.8,2.334868
1000,best_program,medium,0.25,0.6,0.8,2346.6,0.001956
1000,paper,medium,0.25,0.6,0.8,2156.6,1.961223
1000,best_program,medium,0.25,0.6,1.2,2386.2,0.001607
1000,paper,medium,0.25,0.6,1.2,1952.2,2.206955
1000,best_program,medium,0.25,0.9,0.8,2387.8,0.001937
1000,paper,medium,0.25,0.9,0.8,2189.8,1.993065
1000,best_program,medium,0.25,0.9,1.2,2417.6,0.001586
1000,paper,medium,0.25,0.9,1.2,1945.0,2.323167
1000,best_program,medium,0.5,0.0,0.8,2325.6,0.002369
1000,paper,medium,0.5,0.0,0.8,2198.8,2.040261
1000,best_program,medium,0.5,0.0,1.2,2441.2,0.001831
1000,paper,medium,0.5,0.0,1.2,1977.8,2.292118
1000,best_program,medium,0.5,0.3,0.8,2294.0,0.002065
1000,paper,medium,0.5,0.3,0.8,2152.4,2.017331
1000,best_program,medium,0.5,0.3,1.2,2448.0,0.00194
1000,paper,medium,0.5,0.3,1.2,1984.4,2.30278
1000,best_program,medium,0.5,0.6,0.8,2348.0,0.002054
1000,paper,medium,0.5,0.6,0.8,2152.4,1.987204
1000,best_program,medium,0.5,0.6,1.2,2416.2,0.001689
1000,paper,medium,0.5,0.6,1.2,1949.4,2.273028
1000,best_program,medium,0.5,0.9,0.8,2376.2,0.001988
1000,paper,medium,0.5,0.9,0.8,2132.4,1.917539
1000,best_program,medium,0.5,0.9,1.2,2378.0,0.001676
1000,paper,medium,0.5,0.9,1.2,1906.8,2.216294
1000,best_program,medium,0.75,0.0,0.8,2286.0,0.002122
1000,paper,medium,0.75,0.0,0.8,2160.6,1.962062
1000,best_program,medium,0.75,0.0,1.2,2466.2,0.001832
1000,paper,medium,0.75,0.0,1.2,1972.4,2.292354
1000,best_program,medium,0.75,0.3,0.8,2290.0,0.002052
1000,paper,medium,0.75,0.3,0.8,2126.4,1.937352
1000,best_program,medium,0.75,0.3,1.2,2435.0,0.001715
1000,paper,medium,0.75,0.3,1.2,1896.0,2.142557
1000,best_program,medium,0.75,0.6,0.8,2338.4,0.002298
1000,paper,medium,0.75,0.6,0.8,2150.4,1.945209
1000,best_program,medium,0.75,0.6,1.2,2437.8,0.001696
1000,paper,medium,0.75,0.6,1.2,1935.8,2.310845
1000,best_program,medium,0.75,0.9,0.8,2312.0,0.001966
1000,paper,medium,0.75,0.9,0.8,2092.8,1.880594
1000,best_program,medium,0.75,0.9,1.2,2405.0,0.001659
1000,paper,medium,0.75,0.9,1.2,1829.2,2.10262
1000,best_program,heavy,0.25,0.0,0.8,5419.0,0.003419
1000,paper,heavy,0.25,0.0,0.8,5082.6,4.556817
1000,best_program,heavy,0.25,0.0,1.2,5188.6,0.003713
1000,paper,heavy,0.25,0.0,1.2,5329.2,5.240812
1000,best_program,heavy,0.25,0.3,0.8,5403.4,0.005446
1000,paper,heavy,0.25,0.3,0.8,5034.8,4.266692
1000,best_program,heavy,0.25,0.3,1.2,5210.0,0.002669
1000,paper,heavy,0.25,0.3,1.2,5318.2,4.879866
1000,best_program,heavy,0.25,0.6,0.8,5530.6,0.003187
1000,paper,heavy,0.25,0.6,0.8,5140.4,4.233481
1000,best_program,heavy,0.25,0.6,1.2,5007.0,0.002588
1000,paper,heavy,0.25,0.6,1.2,5314.0,4.715352
1000,best_program,heavy,0.25,0.9,0.8,5589.4,0.00302
1000,paper,heavy,0.25,0.9,0.8,5172.0,4.433971
1000,best_program,heavy,0.25,0.9,1.2,4835.2,0.002602
1000,paper,heavy,0.25,0.9,1.2,5262.2,5.038838
1000,best_program,heavy,0.5,0.0,0.8,5417.8,0.003459
1000,paper,heavy,0.5,0.0,0.8,5075.8,4.05348
1000,best_program,heavy,0.5,0.0,1.2,5249.6,0.002803
1000,paper,heavy,0.5,0.0,1.2,5370.0,4.647302
1000,best_program,heavy,0.5,0.3,0.8,5470.4,0.003272
1000,paper,heavy,0.5,0.3,0.8,5112.4,4.104999
1000,best_program,heavy,0.5,0.3,1.2,5172.8,0.002683
1000,paper,heavy,0.5,0.3,1.2,5295.0,4.639654
1000,best_program,heavy,0.5,0.6,0.8,5571.2,0.003253
1000,paper,heavy,0.5,0.6,0.8,5161.0,4.239076
1000,best_program,heavy,0.5,0.6,1.2,5121.0,0.00263
1000,paper,heavy,0.5,0.6,1.2,5328.2,4.612107
1000,best_program,heavy,0.5,0.9,0.8,5595.0,0.002989
1000,paper,heavy,0.5,0.9,0.8,5148.8,4.373493
1000,best_program,heavy,0.5,0.9,1.2,5062.0,0.002522
1000,paper,heavy,0.5,0.9,1.2,5426.4,5.315004
1000,best_program,heavy,0.75,0.0,0.8,5434.2,0.003668
1000,paper,heavy,0.75,0.0,0.8,5072.6,3.983905
1000,best_program,heavy,0.75,0.0,1.2,5199.6,0.002922
1000,paper,heavy,0.75,0.0,1.2,5172.8,4.589553
1000,best_program,heavy,0.75,0.3,0.8,5387.0,0.003529
1000,paper,heavy,0.75,0.3,0.8,5042.0,4.25057
1000,best_program,heavy,0.75,0.3,1.2,5294.2,0.002795
1000,paper,heavy,0.75,0.3,1.2,5327.8,4.95514
1000,best_program,heavy,0.75,0.6,0.8,5414.4,0.003162
1000,paper,heavy,0.75,0.6,0.8,5021.0,4.121019
1000,best_program,heavy,0.75,0.6,1.2,5165.4,0.00277
1000,paper,heavy,0.75,0.6,1.2,5369.0,4.91108
1000,best_program,heavy,0.75,0.9,0.8,5627.8,0.00326
1000,paper,heavy,0.75,0.9,0.8,5169.8,4.658002
1000,best_program,heavy,0.75,0.9,1.2,5019.2,0.002562
1000,paper,heavy,0.75,0.9,1.2,5179.2,4.826429
2000,best_program,light,0.25,0.0,0.8,1154.6,0.001665
2000,paper,light,0.25,0.0,0.8,1144.8,1.344522
2000,best_program,light,0.25,0.0,1.2,1344.2,0.001629
2000,paper,light,0.25,0.0,1.2,899.6,1.369356
2000,best_program,light,0.25,0.3,0.8,1166.6,0.001769
2000,paper,light,0.25,0.3,0.8,1114.0,1.365568
2000,best_program,light,0.25,0.3,1.2,1335.6,0.001435
2000,paper,light,0.25,0.3,1.2,864.6,1.366443
2000,best_program,light,0.25,0.6,0.8,1206.4,0.001487
2000,paper,light,0.25,0.6,0.8,1102.2,1.319527
2000,best_program,light,0.25,0.6,1.2,1395.8,0.001333
2000,paper,light,0.25,0.6,1.2,883.2,1.358752
2000,best_program,light,0.25,0.9,0.8,1247.6,0.001496
2000,paper,light,0.25,0.9,0.8,1094.4,1.28449
2000,best_program,light,0.25,0.9,1.2,1385.6,0.001235
2000,paper,light,0.25,0.9,1.2,860.8,1.325813
2000,best_program,light,0.5,0.0,0.8,1138.6,0.001693
2000,paper,light,0.5,0.0,0.8,1116.6,1.335334
2000,best_program,light,0.5,0.0,1.2,1350.0,0.001401
2000,paper,light,0.5,0.0,1.2,849.6,1.290798
2000,best_program,light,0.5,0.3,0.8,1150.4,0.001513
2000,paper,light,0.5,0.3,0.8,1080.0,1.269406
2000,best_program,light,0.5,0.3,1.2,1332.0,0.001413
2000,paper,light,0.5,0.3,1.2,850.4,1.293886
2000,best_program,light,0.5,0.6,0.8,1216.4,0.001568
2000,paper,light,0.5,0.6,0.8,1099.8,1.278703
2000,best_program,light,0.5,0.6,1.2,1387.2,0.001365
2000,paper,light,0.5,0.6,1.2,862.4,1.284247
2000,best_program,light,0.5,0.9,0.8,1261.4,0.001956
2000,paper,light,0.5,0.9,0.8,1072.8,1.319509
2000,best_program,light,0.5,0.9,1.2,1378.4,0.001289
2000,paper,light,0.5,0.9,1.2,831.6,1.30014
2000,best_program,light,0.75,0.0,0.8,1144.0,0.001669
2000,paper,light,0.75,0.0,0.8,1109.0,1.266342
2000,best_program,light,0.75,0.0,1.2,1340.6,0.00156
2000,paper,light,0.75,0.0,1.2,842.4,1.278974
2000,best_program,light,0.75,0.3,0.8,1178.0,0.0016
2000,paper,light,0.75,0.3,0.8,1111.0,1.255273
2000,best_program,light,0.75,0.3,1.2,1335.4,0.001443
2000,paper,light,0.75,0.3,1.2,828.6,1.276674
2000,best_program,light,0.75,0.6,0.8,1222.4,0.001724
2000,paper,light,0.75,0.6,0.8,1120.2,1.274411
2000,best_program,light,0.75,0.6,1.2,1360.6,0.001407
2000,paper,light,0.75,0.6,1.2,832.0,1.257631
2000,best_program,light,0.75,0.9,0.8,1271.2,0.001502
2000,paper,light,0.75,0.9,0.8,1110.2,1.242618
2000,best_program,light,0.75,0.9,1.2,1373.4,0.001319
2000,paper,light,0.75,0.9,1.2,864.6,1.278028
2000,best_program,medium,0.25,0.0,0.8,2292.2,0.002331
2000,paper,medium,0.25,0.0,0.8,2174.8,2.088864
2000,best_program,medium,0.25,0.0,1.2,2453.4,0.001806
2000,paper,medium,0.25,0.0,1.2,1997.2,2.352865
2000,best_program,medium,0.25,0.3,0.8,2312.8,0.002147
2000,paper,medium,0.25,0.3,0.8,2166.4,1.987048
2000,best_program,medium,0.25,0.3,1.2,2449.8,0.001785
2000,paper,medium,0.25,0.3,1.2,1970.8,2.315361
2000,best_program,medium,0.25,0.6,0.8,2366.2,0.00216
2000,paper,medium,0.25,0.6,0.8,2185.0,1.990722
2000,best_program,medium,0.25,0.6,1.2,2433.8,0.001723
2000,paper,medium,0.25,0.6,1.2,2001.0,2.315268
2000,best_program,medium,0.25,0.9,0.8,2315.0,0.002011
2000,paper,medium,0.25,0.9,0.8,2102.6,1.915908
2000,best_program,medium,0.25,0.9,1.2,2374.6,0.001639
2000,paper,medium,0.25,0.9,1.2,1977.2,2.3901
2000,best_program,medium,0.5,0.0,0.8,2274.8,0.002262
2000,paper,medium,0.5,0.0,0.8,2147.2,2.018532
2000,best_program,medium,0.5,0.0,1.2,2406.8,0.001778
2000,paper,medium,0.5,0.0,1.2,1877.2,2.256932
2000,best_program,medium,0.5,0.3,0.8,2304.8,0.002024
2000,paper,medium,0.5,0.3,0.8,2154.4,2.040031
2000,best_program,medium,0.5,0.3,1.2,2454.6,0.001751
2000,paper,medium,0.5,0.3,1.2,1928.6,2.375535
2000,best_program,medium,0.5,0.6,0.8,2370.0,0.002109
2000,paper,medium,0.5,0.6,0.8,2170.6,2.057702
2000,best_program,medium,0.5,0.6,1.2,2389.2,0.001721
2000,paper,medium,0.5,0.6,1.2,1897.0,2.243388
2000,best_program,medium,0.5,0.9,0.8,2356.6,0.002076
2000,paper,medium,0.5,0.9,0.8,2162.6,2.107204
2000,best_program,medium,0.5,0.9,1.2,2420.2,0.001661
2000,paper,medium,0.5,0.9,1.2,1918.4,2.276911
2000,best_program,medium,0.75,0.0,0.8,2224.0,0.002056
2000,paper,medium,0.75,0.0,0.8,2102.6,1.9799
2000,best_program,medium,0.75,0.0,1.2,2409.8,0.001897
2000,paper,medium,0.75,0.0,1.2,1894.8,2.200619
2000,best_program,medium,0.75,0.3,0.8,2262.0,0.002114
2000,paper,medium,0.75,0.3,0.8,2112.4,1.973459
2000,best_program,medium,0.75,0.3,1.2,2459.2,0.001877
2000,paper,medium,0.75,0.3,1.2,1939.2,2.270586
2000,best_program,medium,0.75,0.6,0.8,2248.6,0.001976
2000,paper,medium,0.75,0.6,0.8,2072.8,1.906652
2000,best_program,medium,0.75,0.6,1.2,2423.4,0.001686
2000,paper,medium,0.75,0.6,1.2,1895.8,2.202811
2000,best_program,medium,0.75,0.9,0.8,2357.0,0.001928
2000,paper,medium,0.75,0.9,0.8,2136.8,1.94599
2000,best_program,medium,0.75,0.9,1.2,2447.2,0.001737
2000,paper,medium,0.75,0.9,1.2,1898.2,2.152295
2000,best_program,heavy,0.25,0.0,0.8,5362.2,0.003726
2000,paper,heavy,0.25,0.0,0.8,5034.4,4.136929
2000,best_program,heavy,0.25,0.0,1.2,5184.4,0.002966
2000,paper,heavy,0.25,0.0,1.2,5388.6,4.683632
2000,best_program,heavy,0.25,0.3,0.8,5423.0,0.003219
2000,paper,heavy,0.25,0.3,0.8,5049.4,4.110823
2000,best_program,heavy,0.25,0.3,1.2,5120.8,0.002654
2000,paper,heavy,0.25,0.3,1.2,5415.4,4.978328
2000,best_program,heavy,0.25,0.6,0.8,5525.8,0.003109
2000,paper,heavy,0.25,0.6,0.8,5093.4,4.447275
2000,best_program,heavy,0.25,0.6,1.2,5000.0,0.002597
2000,paper,heavy,0.25,0.6,1.2,5492.0,4.878485
2000,best_program,heavy,0.25,0.9,0.8,5600.0,0.002991
2000,paper,heavy,0.25,0.9,0.8,5166.2,4.487319
2000,best_program,heavy,0.25,0.9,1.2,4731.0,0.002476
2000,paper,heavy,0.25,0.9,1.2,5209.8,4.799578
2000,best_program,heavy,0.5,0.0,0.8,5367.0,0.003366
2000,paper,heavy,0.5,0.0,0.8,5036.4,4.213402
2000,best_program,heavy,0.5,0.0,1.2,5225.6,0.00282
2000,paper,heavy,0.5,0.0,1.2,5211.8,4.677304
2000,best_program,heavy,0.5,0.3,0.8,5451.6,0.003277
2000,paper,heavy,0.5,0.3,0.8,5082.0,4.139802
2000,best_program,heavy,0.5,0.3,1.2,5164.8,0.002747
2000,paper,heavy,0.5,0.3,1.2,5241.0,4.403862
2000,best_program,heavy,0.5,0.6,0.8,5458.2,0.003188
2000,paper,heavy,0.5,0.6,0.8,5043.0,4.141938
2000,best_program,heavy,0.5,0.6,1.2,5254.4,0.002734
2000,paper,heavy,0.5,0.6,1.2,5420.4,4.727503
2000,best_program,heavy,0.5,0.9,0.8,5549.2,0.003018
2000,paper,heavy,0.5,0.9,0.8,5101.6,4.336405
2000,best_program,heavy,0.5,0.9,1.2,5029.2,0.002582
2000,paper,heavy,0.5,0.9,1.2,5309.2,4.677748
2000,best_program,heavy,0.75,0.0,0.8,5348.8,0.003447
2000,paper,heavy,0.75,0.0,0.8,5009.8,3.92897
2000,best_program,heavy,0.75,0.0,1.2,5172.2,0.002835
2000,paper,heavy,0.75,0.0,1.2,5142.8,4.385036
2000,best_program,heavy,0.75,0.3,0.8,5490.0,0.00327
2000,paper,heavy,0.75,0.3,0.8,5083.0,4.140607
2000,best_program,heavy,0.75,0.3,1.2,5234.6,0.002769
2000,paper,heavy,0.75,0.3,1.2,5284.6,4.642791
2000,best_program,heavy,0.75,0.6,0.8,5461.8,0.003156
2000,paper,heavy,0.75,0.6,0.8,5036.0,4.117454
2000,best_program,heavy,0.75,0.6,1.2,5258.8,0.002919
2000,paper,heavy,0.75,0.6,1.2,5315.0,4.565521
2000,best_program,heavy,0.75,0.9,0.8,5559.4,0.003016
2000,paper,heavy,0.75,0.9,0.8,5090.6,4.395605
2000,best_program,heavy,0.75,0.9,1.2,5005.0,0.002541
2000,paper,heavy,0.75,0.9,1.2,5330.6,4.80016
