seed,scheduler,tx_size_dist,batch_size,num_executors,avg_remote_reads_per_batch,avg_runtime_per_batch_s
0,best_program,medium,128,4,248.2,0.000244
0,paper,medium,128,4,210.4,0.026976
0,best_program,medium,128,8,309.8,0.00023
0,paper,medium,128,8,276.2,0.058221
0,best_program,medium,128,16,362.2,0.000216
0,paper,medium,128,16,332.8,0.128899
0,best_program,medium,128,20,364.2,0.000238
0,paper,medium,128,20,338.0,0.149235
0,best_program,medium,256,4,490.0,0.000423
0,paper,medium,256,4,395.6,0.073993
0,best_program,medium,256,8,605.8,0.000388
0,paper,medium,256,8,522.2,0.186426
0,best_program,medium,256,16,706.6,0.000415
0,paper,medium,256,16,658.6,0.434395
0,best_program,medium,256,20,699.6,0.000426
0,paper,medium,256,20,640.4,0.517259
0,best_program,medium,512,4,1020.2,0.000802
0,paper,medium,512,4,750.8,0.27411
0,best_program,medium,512,8,1244.4,0.000839
0,paper,medium,512,8,1037.0,0.698932
0,best_program,medium,512,16,1406.8,0.000908
0,paper,medium,512,16,1272.8,1.460795
0,best_program,medium,512,20,1425.6,0.000903
0,paper,medium,512,20,1320.2,1.932517
0,best_program,medium,1000,4,2019.6,0.001624
0,paper,medium,1000,4,1344.8,0.894214
0,best_program,medium,1000,8,2422.2,0.001659
0,paper,medium,1000,8,1941.0,2.259846
0,best_program,medium,1000,16,2715.4,0.00153
0,paper,medium,1000,16,2370.2,4.634434
0,best_program,medium,1000,20,2776.4,0.001653
0,paper,medium,1000,20,2475.4,6.064925
0,best_program,heavy,128,4,567.6,0.000376
0,paper,heavy,128,4,516.0,0.083483
0,best_program,heavy,128,8,721.4,0.000362
0,paper,heavy,128,8,726.6,0.173854
0,best_program,heavy,128,16,812.8,0.000369
0,paper,heavy,128,16,832.2,0.451739
0,best_program,heavy,128,20,834.8,0.000392
0,paper,heavy,128,20,843.0,0.487272
0,best_program,heavy,256,4,1077.8,0.000835
0,paper,heavy,256,4,1000.0,0.254382
0,best_program,heavy,256,8,1371.2,0.000784
0,paper,heavy,256,8,1417.4,0.543442
0,best_program,heavy,256,16,1585.0,0.000754
0,paper,heavy,256,16,1607.2,1.134073
0,best_program,heavy,256,20,1612.4,0.000704
0,paper,heavy,256,20,1641.6,1.534368
0,best_program,heavy,512,4,2107.8,0.001316
0,paper,heavy,512,4,1994.0,0.758047
0,best_program,heavy,512,8,2684.4,0.001338
0,paper,heavy,512,8,2777.2,1.578534
0,best_program,heavy,512,16,3049.6,0.001346
0,paper,heavy,512,16,3140.8,3.195156
0,best_program,heavy,512,20,3104.0,0.001346
0,paper,heavy,512,20,3210.6,4.148827
0,best_program,heavy,1000,4,4058.6,0.002513
0,paper,heavy,1000,4,3964.0,2.365655
0,best_program,heavy,1000,8,5049.2,0.002508
0,paper,heavy,1000,8,5455.4,4.889333
0,best_program,heavy,1000,16,5813.8,0.002594
0,paper,heavy,1000,16,6116.4,9.6232
0,best_program,heavy,1000,20,5932.6,0.002528
0,paper,heavy,1000,20,6220.4,12.185448
1000,best_program,medium,128,4,249.8,0.000227
1000,paper,medium,128,4,192.0,0.026948
1000,best_program,medium,128,8,316.0,0.000232
1000,paper,medium,128,8,284.2,0.06421
1000,best_program,medium,128,16,359.2,0.00024
1000,paper,medium,128,16,328.8,0.121278
1000,best_program,medium,128,20,365.2,0.000237
1000,paper,medium,128,20,343.6,0.150554
1000,best_program,medium,256,4,489.2,0.000436
1000,paper,medium,256,4,371.8,0.070914
1000,best_program,medium,256,8,642.2,0.000443
1000,paper,medium,256,8,554.4,0.202667
1000,best_program,medium,256,16,726.0,0.000448
1000,paper,medium,256,16,665.2,0.45125
1000,best_program,medium,256,20,726.0,0.000443
1000,paper,medium,256,20,676.8,0.55659
1000,best_program,medium,512,4,979.2,0.00088
1000,paper,medium,512,4,704.8,0.25335
1000,best_program,medium,512,8,1253.2,0.000883
1000,paper,medium,512,8,1032.2,0.708985
1000,best_program,medium,512,16,1403.8,0.000876
1000,paper,medium,512,16,1254.4,1.419847
1000,best_program,medium,512,20,1420.6,0.000834
1000,paper,medium,512,20,1311.0,1.83175
1000,best_program,medium,1000,4,1946.0,0.001559
1000,paper,medium,1000,4,1289.4,0.889434
1000,best_program,medium,1000,8,2416.2,0.001577
1000,paper,medium,1000,8,1949.4,2.261131
1000,best_program,medium,1000,16,2733.6,0.001593
1000,paper,medium,1000,16,2422.8,4.901017
1000,best_program,medium,1000,20,2806.2,0.0016
1000,paper,medium,1000,20,2490.4,5.80724
1000,best_program,heavy,128,4,606.4,0.000359
1000,paper,heavy,128,4,563.0,0.09348
1000,best_program,heavy,128,8,733.6,0.000365
1000,paper,heavy,128,8,759.0,0.180187
1000,best_program,heavy,128,16,801.2,0.000358
1000,paper,heavy,128,16,809.6,0.365278
1000,best_program,heavy,128,20,823.8,0.000368
1000,paper,heavy,128,20,829.4,0.463763
1000,best_program,heavy,256,4,1134.8,0.000754
1000,paper,heavy,256,4,1048.0,0.256081
1000,best_program,heavy,256,8,1426.2,0.000766
1000,paper,heavy,256,8,1426.6,0.557838
1000,best_program,heavy,256,16,1583.4,0.000755
1000,paper,heavy,256,16,1622.6,1.213935
1000,best_program,heavy,256,20,1612.0,0.000768
1000,paper,heavy,256,20,1650.8,1.462167
1000,best_program,heavy,512,4,2078.0,0.001328
1000,paper,heavy,512,4,1992.4,0.755925
1000,best_program,heavy,512,8,2716.6,0.001353
1000,paper,heavy,512,8,2815.6,1.609705
1000,best_program,heavy,512,16,3090.8,0.001435
1000,paper,heavy,512,16,3179.8,3.413994
1000,best_program,heavy,512,20,3142.8,0.001367
1000,paper,heavy,512,20,3231.6,4.532043
1000,best_program,heavy,1000,4,3913.8,0.002856
1000,paper,heavy,1000,4,3843.6,2.449573
1000,best_program,heavy,1000,8,5121.0,0.002712
1000,paper,heavy,1000,8,5328.2,4.72358
1000,best_program,heavy,1000,16,5888.2,0.00274
1000,paper,heavy,1000,16,6122.4,9.728155
1000,best_program,heavy,1000,20,5908.8,0.002998
1000,paper,heavy,1000,20,6185.6,12.490812
2000,best_program,medium,128,4,257.8,0.000239
2000,paper,medium,128,4,212.8,0.030011
2000,best_program,medium,128,8,320.8,0.000231
2000,paper,medium,128,8,288.2,0.0676
2000,best_program,medium,128,16,359.8,0.000259
2000,paper,medium,128,16,329.8,0.124067
2000,best_program,medium,128,20,367.0,0.000264
2000,paper,medium,128,20,338.6,0.159801
2000,best_program,medium,256,4,470.2,0.000429
2000,paper,medium,256,4,373.8,0.088388
2000,best_program,medium,256,8,603.6,0.000466
2000,paper,medium,256,8,527.4,0.215632
2000,best_program,medium,256,16,696.4,0.00078
2000,paper,medium,256,16,636.2,0.429533
2000,best_program,medium,256,20,725.2,0.000645
2000,paper,medium,256,20,652.4,0.527995
2000,best_program,medium,512,4,988.6,0.000859
2000,paper,medium,512,4,709.6,0.262241
2000,best_program,medium,512,8,1225.0,0.000852
2000,paper,medium,512,8,1016.2,0.678886
2000,best_program,medium,512,16,1406.2,0.000875
2000,paper,medium,512,16,1271.0,1.490465
2000,best_program,medium,512,20,1434.6,0.000879
2000,paper,medium,512,20,1295.8,1.810851
2000,best_program,medium,1000,4,1989.8,0.001648
2000,paper,medium,1000,4,1325.4,0.895284
2000,best_program,medium,1000,8,2389.2,0.001588
2000,paper,medium,1000,8,1897.0,2.19946
2000,best_program,medium,1000,16,2736.8,0.001712
2000,paper,medium,1000,16,2431.6,4.788777
2000,best_program,medium,1000,20,2806.6,0.001596
2000,paper,medium,1000,20,2551.8,6.138664
2000,best_program,heavy,128,4,590.4,0.000354
2000,paper,heavy,128,4,531.0,0.089805
2000,best_program,heavy,128,8,767.6,0.000393
2000,paper,heavy,128,8,746.2,0.181
2000,best_program,heavy,128,16,842.2,0.000373
2000,paper,heavy,128,16,844.8,0.390804
2000,best_program,heavy,128,20,856.2,0.000379
2000,paper,heavy,128,20,861.0,0.487191
2000,best_program,heavy,256,4,1108.2,0.000724
2000,paper,heavy,256,4,1051.4,0.271328
2000,best_program,heavy,256,8,1437.4,0.000753
2000,paper,heavy,256,8,1464.6,0.553688
2000,best_program,heavy,256,16,1605.6,0.000901
2000,paper,heavy,256,16,1627.2,1.206864
2000,best_program,heavy,256,20,1644.8,0.000776
2000,paper,heavy,256,20,1683.6,1.568196
2000,best_program,heavy,512,4,2115.2,0.00136
2000,paper,heavy,512,4,2043.8,0.800624
2000,best_program,heavy,512,8,2718.4,0.001413
2000,paper,heavy,512,8,2815.8,1.602286
2000,best_program,heavy,512,16,3120.6,0.001524
2000,paper,heavy,512,16,3183.0,3.285786
2000,best_program,heavy,512,20,3197.6,0.001521
2000,paper,heavy,512,20,3324.6,4.466773
2000,best_program,heavy,1000,4,3977.0,0.002853
2000,paper,heavy,1000,4,3870.8,2.400275
2000,best_program,heavy,1000,8,5254.4,0.003114
2000,paper,heavy,1000,8,5420.4,4.75406
2000,best_program,heavy,1000,16,5833.4,0.002611
2000,paper,heavy,1000,16,6172.6,9.176586
2000,best_program,heavy,1000,20,5997.2,0.002684
2000,paper,heavy,1000,20,6323.2,12.134064
