Tag,BUSY_SPINS,Rate,NUM_E / NUM_W,EXECUTOR_BW_MBPS,WRITEBACK_EXECUTOR,EXECUTOR_SKEW_WEIGHTS,DISTRIBUTED_TX_RATE,NO_SEND_PAYMENT,Committed TPS,E2E TPS,Command
62f2365,"135,156",25000,1,10000,0,Equal,0,1,23296,22385,REPLAY_CSV=record_rate25k.csv NUM_WORKERS=1 NUM_EXECUTORS=1 EXECUTOR_BW_MBPS=10000 DURATION=80 NO_SEND_PAYMENT=1 NEW_SCHEDULER=1 fab cloudlab-replay --username anonuser --manifest /home/anonuser/manifest.xml
62f2365,"135,156",50000,2,10000,0,Equal,0,1,46625,43916,REPLAY_CSV=record_rate50k.csv NUM_WORKERS=2 NUM_EXECUTORS=2 EXECUTOR_BW_MBPS=10000 DURATION=80 NO_SEND_PAYMENT=1 NEW_SCHEDULER=1 fab cloudlab-replay --username anonuser --manifest /home/anonuser/manifest.xml
62f2365,"135,156",75000,3,10000,0,Equal,0,1,69678,61687,REPLAY_CSV=record_rate75k.csv NUM_WORKERS=3 NUM_EXECUTORS=3 EXECUTOR_BW_MBPS=10000 DURATION=80 NO_SEND_PAYMENT=1 NEW_SCHEDULER=1 fab cloudlab-replay --username anonuser --manifest /home/anonuser/manifest.xml
62f2365,"135,156",100000,4,10000,0,Equal,0,1,93253,82568,REPLAY_CSV=record_rate100k.csv NUM_WORKERS=4 NUM_EXECUTORS=4 EXECUTOR_BW_MBPS=10000 DURATION=80 NO_SEND_PAYMENT=1 NEW_SCHEDULER=1 fab cloudlab-replay --username anonuser --manifest /home/anonuser/manifest.xml
62f2365,"135,156",125000,5,10000,0,Equal,0,1,111535,100133,REPLAY_CSV=record_rate125k.csv NUM_WORKERS=5 NUM_EXECUTORS=5 EXECUTOR_BW_MBPS=10000 DURATION=80 NO_SEND_PAYMENT=1 NEW_SCHEDULER=1 fab cloudlab-replay --username anonuser --manifest /home/anonuser/manifest.xml
62f2365,"135,156",150000,6,10000,0,Equal,0,1,129893,114458,REPLAY_CSV=record_rate150k.csv NUM_WORKERS=6 NUM_EXECUTORS=6 EXECUTOR_BW_MBPS=10000 DURATION=80 NO_SEND_PAYMENT=1 NEW_SCHEDULER=1 fab cloudlab-replay --username anonuser --manifest /home/anonuser/manifest.xml
62f2365,"135,156",175000,7,10000,0,Equal,0,1,149469,137614,REPLAY_CSV=record_rate175k.csv NUM_WORKERS=7 NUM_EXECUTORS=7 EXECUTOR_BW_MBPS=10000 DURATION=80 NO_SEND_PAYMENT=1 NEW_SCHEDULER=1 fab cloudlab-replay --username anonuser --manifest /home/anonuser/manifest.xml
62f2365,"135,156",200000,8,10000,0,Equal,0,1,182635,154311,REPLAY_CSV=record_rate200k.csv NUM_WORKERS=8 NUM_EXECUTORS=8 EXECUTOR_BW_MBPS=10000 DURATION=80 NO_SEND_PAYMENT=1 NEW_SCHEDULER=1 fab cloudlab-replay --username anonuser --manifest /home/anonuser/manifest.xml
62f2365,"135,156",25000,1,10000,1,Equal,0,1,23283,19704,REPLAY_CSV=record_rate25k.csv NUM_WORKERS=1 NUM_EXECUTORS=1 EXECUTOR_BW_MBPS=10000 DURATION=80 NO_SEND_PAYMENT=1 WRITEBACK_EXECUTOR=1 fab cloudlab-replay --username anonuser --manifest /home/anonuser/manifest.xml
62f2365,"135,156",50000,2,10000,1,Equal,0,1,46625,39031,REPLAY_CSV=record_rate50k.csv NUM_WORKERS=2 NUM_EXECUTORS=2 EXECUTOR_BW_MBPS=10000 DURATION=80 NO_SEND_PAYMENT=1 WRITEBACK_EXECUTOR=1 fab cloudlab-replay --username anonuser --manifest /home/anonuser/manifest.xml
62f2365,"135,156",75000,3,10000,1,Equal,0,1,69643,58107,REPLAY_CSV=record_rate75k.csv NUM_WORKERS=3 NUM_EXECUTORS=3 EXECUTOR_BW_MBPS=10000 DURATION=80 NO_SEND_PAYMENT=1 WRITEBACK_EXECUTOR=1 fab cloudlab-replay --username anonuser --manifest /home/anonuser/manifest.xml
62f2365,"135,156",100000,4,10000,1,Equal,0,1,93253,76496,REPLAY_CSV=record_rate100k.csv NUM_WORKERS=4 NUM_EXECUTORS=4 EXECUTOR_BW_MBPS=10000 DURATION=80 NO_SEND_PAYMENT=1 WRITEBACK_EXECUTOR=1 fab cloudlab-replay --username anonuser --manifest /home/anonuser/manifest.xml
62f2365,"135,156",125000,5,10000,1,Equal,0,1,112103,94936,REPLAY_CSV=record_rate125k.csv NUM_WORKERS=5 NUM_EXECUTORS=5 EXECUTOR_BW_MBPS=10000 DURATION=80 NO_SEND_PAYMENT=1 WRITEBACK_EXECUTOR=1 fab cloudlab-replay --username anonuser --manifest /home/anonuser/manifest.xml
62f2365,"135,156",150000,6,10000,1,Equal,0,1,130164,111269,REPLAY_CSV=record_rate150k.csv NUM_WORKERS=6 NUM_EXECUTORS=6 EXECUTOR_BW_MBPS=10000 DURATION=80 NO_SEND_PAYMENT=1 WRITEBACK_EXECUTOR=1 fab cloudlab-replay --username anonuser --manifest /home/anonuser/manifest.xml
62f2365,"135,156",175000,7,10000,1,Equal,0,1,150278,133598,REPLAY_CSV=record_rate175k.csv NUM_WORKERS=7 NUM_EXECUTORS=7 EXECUTOR_BW_MBPS=10000 DURATION=80 NO_SEND_PAYMENT=1 WRITEBACK_EXECUTOR=1 fab cloudlab-replay --username anonuser --manifest /home/anonuser/manifest.xml
62f2365,"135,156",200000,8,10000,1,Equal,0,1,182276,153306,REPLAY_CSV=record_rate200k.csv NUM_WORKERS=8 NUM_EXECUTORS=8 EXECUTOR_BW_MBPS=10000 DURATION=80 NO_SEND_PAYMENT=1 WRITEBACK_EXECUTOR=1 fab cloudlab-replay --username anonuser --manifest /home/anonuser/manifest.xml
62f2365,"135,156",25000,1,10000,0,Equal,0.2,0,23296,22339,REPLAY_CSV=record_rate25k.csv NUM_WORKERS=1 NUM_EXECUTORS=1 EXECUTOR_BW_MBPS=10000 DURATION=80 NO_SEND_PAYMENT=0 NEW_SCHEDULER=1 DISTRIBUTED_TX_RATE=0.2 fab cloudlab-replay --username anonuser --manifest /home/anonuser/manifest.xml
62f2365,"135,156",50000,2,10000,0,Equal,0.2,0,46624,42683,REPLAY_CSV=record_rate50k.csv NUM_WORKERS=2 NUM_EXECUTORS=2 EXECUTOR_BW_MBPS=10000 DURATION=80 NO_SEND_PAYMENT=0 NEW_SCHEDULER=1 DISTRIBUTED_TX_RATE=0.2 fab cloudlab-replay --username anonuser --manifest /home/anonuser/manifest.xml
62f2365,"135,156",75000,3,10000,0,Equal,0.2,0,69679,60038,REPLAY_CSV=record_rate75k.csv NUM_WORKERS=3 NUM_EXECUTORS=3 EXECUTOR_BW_MBPS=10000 DURATION=80 NO_SEND_PAYMENT=0 NEW_SCHEDULER=1 DISTRIBUTED_TX_RATE=0.2 fab cloudlab-replay --username anonuser --manifest /home/anonuser/manifest.xml
62f2365,"135,156",100000,4,10000,0,Equal,0.2,0,93253,77340,REPLAY_CSV=record_rate100k.csv NUM_WORKERS=4 NUM_EXECUTORS=4 EXECUTOR_BW_MBPS=10000 DURATION=80 NO_SEND_PAYMENT=0 NEW_SCHEDULER=1 DISTRIBUTED_TX_RATE=0.2 fab cloudlab-replay --username anonuser --manifest /home/anonuser/manifest.xml
62f2365,"135,156",125000,5,10000,0,Equal,0.2,0,112103,92882,REPLAY_CSV=record_rate125k.csv NUM_WORKERS=5 NUM_EXECUTORS=5 EXECUTOR_BW_MBPS=10000 DURATION=80 NO_SEND_PAYMENT=0 NEW_SCHEDULER=1 DISTRIBUTED_TX_RATE=0.2 fab cloudlab-replay --username anonuser --manifest /home/anonuser/manifest.xml
62f2365,"135,156",150000,6,10000,0,Equal,0.2,0,130129,106786,REPLAY_CSV=record_rate150k.csv NUM_WORKERS=6 NUM_EXECUTORS=6 EXECUTOR_BW_MBPS=10000 DURATION=80 NO_SEND_PAYMENT=0 NEW_SCHEDULER=1 DISTRIBUTED_TX_RATE=0.2 fab cloudlab-replay --username anonuser --manifest /home/anonuser/manifest.xml
62f2365,"135,156",175000,7,10000,0,Equal,0.2,0,149788,123091,REPLAY_CSV=record_rate175k.csv NUM_WORKERS=7 NUM_EXECUTORS=7 EXECUTOR_BW_MBPS=10000 DURATION=80 NO_SEND_PAYMENT=0 NEW_SCHEDULER=1 DISTRIBUTED_TX_RATE=0.2 fab cloudlab-replay --username anonuser --manifest /home/anonuser/manifest.xml
62f2365,"135,156",200000,8,10000,0,Equal,0.2,0,181981,137707,REPLAY_CSV=record_rate200k.csv NUM_WORKERS=8 NUM_EXECUTORS=8 EXECUTOR_BW_MBPS=10000 DURATION=80 NO_SEND_PAYMENT=0 NEW_SCHEDULER=1 DISTRIBUTED_TX_RATE=0.2 fab cloudlab-replay --username anonuser --manifest /home/anonuser/manifest.xml
61fb34a,"135,156",25000,1,10000,1,Equal,0.2,0,23296,19541,REPLAY_CSV=record_rate25k.csv NUM_WORKERS=1 NUM_EXECUTORS=1 EXECUTOR_BW_MBPS=10000 DURATION=80 NO_SEND_PAYMENT=0 WRITEBACK_EXECUTOR=1 DISTRIBUTED_TX_RATE=0.2 fab cloudlab-replay --username anonuser
61fb34a,"135,156",50000,2,10000,1,Equal,0.2,0,46624,38160,REPLAY_CSV=record_rate50k.csv NUM_WORKERS=2 NUM_EXECUTORS=2 EXECUTOR_BW_MBPS=10000 DURATION=80 NO_SEND_PAYMENT=0 WRITEBACK_EXECUTOR=1 DISTRIBUTED_TX_RATE=0.2 fab cloudlab-replay --username anonuser
61fb34a,"135,156",75000,3,10000,1,Equal,0.2,0,69643,55596,REPLAY_CSV=record_rate75k.csv NUM_WORKERS=3 NUM_EXECUTORS=3 EXECUTOR_BW_MBPS=10000 DURATION=80 NO_SEND_PAYMENT=0 WRITEBACK_EXECUTOR=1 DISTRIBUTED_TX_RATE=0.2 fab cloudlab-replay --username anonuser
61fb34a,"135,156",100000,4,10000,1,Equal,0.2,0,93253,72498,REPLAY_CSV=record_rate100k.csv NUM_WORKERS=4 NUM_EXECUTORS=4 EXECUTOR_BW_MBPS=10000 DURATION=80 NO_SEND_PAYMENT=0 WRITEBACK_EXECUTOR=1 DISTRIBUTED_TX_RATE=0.2 fab cloudlab-replay --username anonuser
61fb34a,"135,156",125000,5,10000,1,Equal,0.2,0,111498,90099,REPLAY_CSV=record_rate125k.csv NUM_WORKERS=5 NUM_EXECUTORS=5 EXECUTOR_BW_MBPS=10000 DURATION=80 NO_SEND_PAYMENT=0 WRITEBACK_EXECUTOR=1 DISTRIBUTED_TX_RATE=0.2 fab cloudlab-replay --username anonuser
61fb34a,"135,156",150000,6,10000,1,Equal,0.2,0,130183,105565,REPLAY_CSV=record_rate150k.csv NUM_WORKERS=6 NUM_EXECUTORS=6 EXECUTOR_BW_MBPS=10000 DURATION=80 NO_SEND_PAYMENT=0 WRITEBACK_EXECUTOR=1 DISTRIBUTED_TX_RATE=0.2 fab cloudlab-replay --username anonuser
61fb34a,"135,156",175000,7,10000,1,Equal,0.2,0,150280,124907,REPLAY_CSV=record_rate175k.csv NUM_WORKERS=7 NUM_EXECUTORS=7 EXECUTOR_BW_MBPS=10000 DURATION=80 NO_SEND_PAYMENT=0 WRITEBACK_EXECUTOR=1 DISTRIBUTED_TX_RATE=0.2 fab cloudlab-replay --username anonuser
61fb34a,"135,156",200000,8,10000,1,Equal,0.2,0,182268,141198,REPLAY_CSV=record_rate200k.csv NUM_WORKERS=8 NUM_EXECUTORS=8 EXECUTOR_BW_MBPS=10000 DURATION=80 NO_SEND_PAYMENT=0 WRITEBACK_EXECUTOR=1 DISTRIBUTED_TX_RATE=0.2 fab cloudlab-replay --username anonuser