timestamp,size
1775336970648,12800
1775336970649,1536
1775336970649,1536
1775336970649,12800
1775336970649,25600
1775336971252,1536
1775336971252,12800
1775336971252,25600
1775336971253,6144
1775336971253,19456
1775336971253,25600
1775336971253,38400
1775336971253,51200
1775336971254,38400
1775336971254,38400
1775336971254,51200
1775336971255,64000
1775336971853,31744
1775336971853,45056
1775336971854,64000
1775336971854,51200
1775336971855,64000
1775336971855,57344
1775336971855,76800
1775336971856,89600
1775336971857,76800
1775336971857,82944
1775336971858,70656
1775336971858,89600
1775336971859,102400
1775336972454,76800
1775336972455,89600
1775336972455,102400
1775336972456,102400
1775336972457,96256
1775336972458,115200
1775336972458,115200
1775336972459,115200
1775336972460,140800
1775336972460,128000
1775336973056,108544
1775336973057,121856
1775336973058,128000
1775336973059,140800
1775336973060,128000
1775336973061,140800
1775336973062,134144
1775336973063,184832
1775336973064,153600
1775336973064,159744
1775336973065,147456
1775336973066,178688
1775336973067,182272
1775336973657,153600
1775336973658,166400
1775336973660,179200
1775336973661,166912
1775336973662,173056
1775336973663,222208
1775336973664,198144
1775336973665,195072
1775336973666,192000
1775336973667,204800
1775336973669,217600
1775336974259,198656
1775336974260,185344
1775336974262,256000
1775336974263,208384
1775336974264,220672
1775336974265,208384
1775336974267,220672
1775336974268,233472
1775336974269,230400
1775336974270,237056
1775336974272,259584
1775336974273,246272
1775336974860,233472
1775336974863,259584
1775336974866,246272
1775336974869,269312
1775336974871,295936
1775336974873,240128
1775336974874,252416
1775336974876,271872
1775336974877,271872
1775336974879,271872
1775336974880,284672
1775336974882,297472
1775336975461,265728
1775336975463,284672
1775336975464,284672
1775336975466,278528
1775336975468,327680
1775336975470,297472
1775336975472,303616
1775336975473,291328
1775336975475,370688
1775336975477,297472
1775336975479,346112
1775336976063,310784
1775336976065,389120
1775336976067,323072
1775336976069,316928
1775336976072,338944
1775336976074,352256
1775336976078,348672
1775336976080,335872
1775336976082,338944
1775336976084,352256
1775336976087,406016
1775336976663,362496
1775336976666,397312
1775336976668,358400
1775336976670,364544
1775336976672,364544
1775336976674,371200
1775336976676,384000
1775336976678,377856
1775336976680,390144
1775336976682,390144
1775336976684,377856
1775336976687,419328
1775336977265,390144
1775336977267,425984
1775336977269,403456
1775336977272,403456
1775336977274,396800
1775336977276,451072
1775336977279,429056
1775336977281,415744
1775336977284,475648
1775336977286,441344
1775336977867,409600
1775336977870,462336
1775336977874,499712
1775336977877,459264
1775336977880,500224
1775336977882,447488
1775336977885,458752
1775336977887,500224
1775336977890,457216
1775336977892,444928
1775336977895,470528
1775336978467,457216
1775336978470,478720
1775336978473,463872
1775336978475,500224
1775336978478,500224
1775336978481,470528
1775336978483,483328
1775336978486,500224
1775336978489,500224
1775336978491,496128
1775336978494,500224
1775336978497,500224
1775336978500,500224
1775336979069,500224
1775336979073,500224
1775336979076,500224
1775336979079,494592
1775336979082,500224
1775336979085,500224
1775336979088,407040
1775336979091,500224
1775336979094,500224
1775336979096,500224
1775336979099,500224
1775336979102,500224
1775336979669,500224
1775336979672,500224
1775336979675,500224
1775336979678,500224
1775336979680,500224
1775336979683,500224
1775336979686,500224
1775336979688,500224
1775336979694,500224
1775336979698,500224
1775336979701,500224
1775336979704,500224
1775336979707,500224
1775336979710,500224
1775336980271,500224
1775336980275,500224
1775336980279,500224
1775336980281,500224
1775336980284,500224
1775336980287,500224
1775336980290,500224
1775336980293,500224
1775336980295,500224
1775336980298,500224
1775336980301,500224
1775336980304,500224
1775336980306,500224
1775336980309,500224
1775336980874,500224
1775336980877,500224
1775336980880,500224
1775336980884,500224
1775336980886,500224
1775336980891,500224
1775336980894,500224
1775336980896,500224
1775336980899,500224
1775336980902,500224
1775336980904,500224
1775336980907,500224
1775336980910,500224
1775336980912,500224
1775336980915,500224
1775336981483,500224
1775336981487,500224
1775336981490,500224
1775336981493,500224
1775336981496,500224
1775336981499,500224
1775336981501,500224
1775336981504,500224
1775336981507,500224
1775336981511,500224
1775336981513,500224
1775336981516,500224
1775336981519,500224
1775336981522,500224
1775336982078,500224
1775336982084,500224
1775336982087,500224
1775336982092,500224
1775336982097,500224
1775336982102,500224
1775336982106,500224
1775336982110,500224
1775336982114,500224
1775336982121,500224
1775336982126,500224
1775336982129,500224
1775336982131,500224
1775336982135,500224
1775336982678,500224
1775336982683,500224
1775336982688,500224
1775336982693,500224
1775336982698,500224
1775336982703,500224
1775336982708,500224
1775336982711,500224
1775336982713,500224
1775336982715,500224
1775336982717,500224
1775336982719,500224
1775336982724,500224
1775336982727,500224
1775336982730,500224
1775336982733,500224
1775336983281,500224
1775336983287,500224
1775336983291,500224
1775336983295,500224
1775336983299,500224
1775336983303,500224
1775336983305,500224
1775336983310,500224
1775336983313,500224
1775336983317,500224
1775336983320,500224
1775336983323,500224
1775336983327,500224
1775336983330,500224
1775336983333,500224
1775336983881,500224
1775336983884,500224
1775336983889,500224
1775336983893,500224
1775336983898,500224
1775336983902,500224
1775336983906,500224
1775336983909,500224
1775336983912,500224
1775336983915,500224
1775336983918,500224
1775336983920,500224
1775336983923,500224
1775336983926,500224
1775336983929,500224
1775336983932,500224
1775336983935,500224
1775336984481,500224
1775336984484,500224
1775336984487,500224
1775336984489,500224
1775336984492,500224
1775336984495,500224
1775336984497,500224
1775336984500,500224
1775336984503,500224
1775336984505,500224
1775336984508,500224
1775336984511,500224
1775336984513,500224
1775336984516,500224
1775336985083,500224
1775336985087,500224
1775336985090,500224
1775336985093,500224
1775336985096,500224
1775336985099,500224
1775336985102,500224
1775336985104,500224
1775336985108,500224
1775336985111,500224
1775336985114,500224
1775336985116,500224
1775336985119,500224
1775336985122,500224
1775336985124,500224
1775336985685,500224
1775336985689,500224
1775336985692,500224
1775336985695,500224
1775336985697,500224
1775336985700,500224
1775336985703,500224
1775336985706,500224
1775336985709,500224
1775336985711,500224
1775336985714,500224
1775336985717,500224
1775336985720,500224
1775336985723,500224
1775336985725,500224
1775336986287,500224
1775336986291,500224
1775336986294,500224
1775336986297,500224
1775336986300,500224
1775336986303,500224
1775336986306,500224
1775336986309,500224
1775336986312,500224
1775336986315,500224
1775336986318,500224
1775336986322,500224
1775336986327,500224
1775336986332,500224
1775336986337,500224
1775336986888,500224
1775336986891,500224
1775336986894,500224
1775336986897,500224
1775336986900,500224
1775336986902,500224
1775336986905,500224
1775336986908,500224
1775336986910,500224
1775336986913,500224
1775336986916,500224
1775336986918,500224
1775336986921,500224
1775336986924,500224
1775336986926,500224
1775336986929,500224
1775336987489,500224
1775336987492,500224
1775336987495,500224
1775336987497,500224
1775336987500,500224
1775336987503,500224
1775336987505,500224
1775336987508,500224
1775336987511,500224
1775336987515,500224
1775336987518,500224
1775336987520,500224
1775336987523,500224
1775336987526,500224
1775336987528,500224
1775336987531,500224
1775336987534,500224
1775336987537,500224
1775336987540,500224
1775336988092,500224
1775336988094,500224
1775336988097,500224
1775336988100,500224
1775336988103,500224
1775336988108,500224
1775336988111,500224
1775336988115,500224
1775336988118,500224
1775336988122,500224
1775336988126,500224
1775336988130,500224
1775336988134,500224
1775336988137,500224
1775336988693,500224
1775336988697,500224
1775336988700,500224
1775336988703,500224
1775336988705,500224
1775336988708,500224
1775336988711,500224
1775336988714,500224
1775336988716,500224
1775336988722,500224
1775336988726,500224
1775336988730,500224
1775336988734,500224
1775336989295,500224
1775336989299,500224
1775336989303,500224
1775336989306,500224
1775336989309,500224
1775336989312,500224
1775336989314,500224
1775336989317,500224
1775336989320,500224
1775336989323,500224
1775336989328,500224
1775336989331,500224
1775336989334,500224
1775336989337,500224
1775336989340,500224
1775336989343,500224
1775336989895,500224
1775336989898,500224
1775336989901,500224
1775336989906,500224
1775336989909,500224
1775336989912,500224
1775336989914,500224
1775336989917,500224
1775336989919,500224
1775336989922,500224
1775336989925,500224
1775336989928,500224
1775336989931,500224
1775336989933,500224
1775336989938,500224
1775336989942,500224
1775336989947,500224
1775336990497,500224
1775336990500,500224
1775336990503,500224
1775336990505,500224
1775336990508,500224
1775336990511,500224
1775336990515,500224
1775336990517,500224
1775336990520,500224
1775336990523,500224
1775336990527,500224
1775336990530,500224
1775336990535,500224
1775336990538,500224
1775336990541,500224
1775336991099,500224
1775336991102,500224
1775336991106,500224
1775336991110,500224
1775336991114,500224
1775336991116,500224
1775336991119,500224
1775336991122,500224
1775336991124,500224
1775336991129,500224
1775336991133,500224
1775336991136,500224
1775336991139,500224
1775336991141,500224
1775336991144,500224
1775336991706,500224
1775336991709,500224
1775336991714,500224
1775336991717,500224
1775336991720,500224
1775336991723,500224
1775336991727,500224
1775336991730,500224
1775336991733,500224
1775336991736,500224
1775336991739,500224
1775336991742,500224
1775336991744,500224
1775336991747,500224
1775336991750,500224
1775336992303,500224
1775336992307,500224
1775336992310,500224
1775336992313,500224
1775336992315,500224
1775336992318,500224
1775336992321,500224
1775336992323,500224
1775336992326,500224
1775336992331,500224
1775336992333,500224
1775336992336,500224
1775336992339,500224
1775336992343,500224
1775336992906,500224
1775336992908,500224
1775336992912,500224
1775336992914,500224
1775336992917,500224
1775336992918,500224
1775336992920,500224
1775336992921,500224
1775336992923,500224
1775336992924,500224
1775336992926,500224
1775336992927,500224
1775336992929,500224
1775336992931,500224
1775336992933,500224
1775336992935,500224
1775336992936,500224
1775336992938,500224
1775336993506,500224
1775336993509,500224
1775336993513,500224
1775336993516,500224
1775336993519,500224
1775336993521,500224
1775336993524,500224
1775336993527,500224
1775336993530,500224
1775336993532,500224
1775336993535,500224
1775336993538,500224
1775336993540,500224
1775336993543,500224
1775336994107,500224
1775336994109,500224
1775336994112,500224
1775336994115,500224
1775336994118,500224
1775336994120,500224
1775336994123,500224
1775336994126,500224
1775336994128,500224
1775336994131,500224
1775336994134,500224
1775336994137,500224
1775336994139,500224
1775336994142,500224
1775336994145,500224
1775336994147,500224
1775336994710,500224
1775336994713,500224
1775336994716,500224
1775336994719,500224
1775336994721,500224
1775336994724,500224
1775336994727,500224
1775336994729,500224
1775336994732,500224
1775336994735,500224
1775336994737,500224
1775336994740,500224
1775336994743,500224
1775336994746,500224
1775336994748,500224
1775336995311,500224
1775336995318,500224
1775336995323,500224
1775336995326,500224
1775336995329,500224
1775336995332,500224
1775336995335,500224
1775336995342,500224
1775336995346,500224
1775336995351,500224
1775336995354,500224
1775336995360,500224
1775336995366,500224
1775336995371,500224
1775336995376,500224
1775336995914,500224
1775336995919,500224
1775336995922,500224
1775336995926,500224
1775336995929,500224
1775336995933,500224
1775336995936,500224
1775336995938,500224
1775336995942,500224
1775336995945,500224
1775336995948,500224
1775336995951,500224
1775336995954,500224
1775336995957,500224
1775336995960,500224
1775336995963,500224
1775336996516,500224
1775336996520,500224
1775336996524,500224
1775336996529,500224
1775336996533,500224
1775336996535,500224
1775336996538,500224
1775336996541,500224
1775336996545,500224
1775336996548,500224
1775336996551,500224
1775336996554,500224
1775336996557,500224
1775336996559,500224
1775336996563,500224
1775336996567,500224
1775336997124,500224
1775336997127,500224
1775336997130,500224
1775336997132,500224
1775336997136,500224
1775336997138,500224
1775336997141,500224
1775336997144,500224
1775336997146,500224
1775336997149,500224
1775336997152,500224
1775336997154,500224
1775336997157,500224
1775336997159,500224
1775336997162,500224
1775336997719,500224
1775336997723,500224
1775336997725,500224
1775336997728,500224
1775336997731,500224
1775336997733,500224
1775336997736,500224
1775336997739,500224
1775336997741,500224
1775336997744,500224
1775336997747,500224
1775336997750,500224
1775336997755,500224
1775336997759,500224
1775336998318,500224
1775336998321,500224
1775336998324,500224
1775336998326,500224
1775336998329,500224
1775336998332,500224
1775336998334,500224
1775336998337,500224
1775336998340,500224
1775336998342,500224
1775336998345,500224
1775336998348,500224
1775336998350,500224
1775336998353,500224
1775336998356,500224
1775336998358,500224
1775336998361,500224
1775336998922,500224
1775336998925,500224
1775336998928,500224
1775336998931,500224
1775336998934,500224
1775336998937,500224
1775336998939,500224
1775336998942,500224
1775336998945,500224
1775336998948,500224
1775336998950,500224
1775336998953,500224
1775336998956,500224
1775336998958,500224
1775336998961,500224
1775336998964,500224
1775336999522,500224
1775336999526,500224
1775336999529,500224
1775336999533,500224
1775336999537,500224
1775336999540,500224
1775336999544,500224
1775336999547,500224
1775336999550,500224
1775336999554,500224
1775336999557,500224
1775336999560,500224
1775336999563,500224
1775336999565,500224
1775337000124,500224
1775337000127,500224
1775337000130,500224
1775337000133,500224
1775337000135,500224
1775337000139,500224
1775337000142,500224
1775337000145,500224
1775337000147,500224
1775337000152,500224
1775337000155,500224
1775337000159,500224
1775337000162,500224
1775337000165,500224
1775337000168,500224
1775337000725,500224
1775337000728,500224
1775337000731,500224
1775337000734,500224
1775337000738,500224
1775337000741,500224
1775337000743,500224
1775337000746,500224
1775337000749,500224
1775337000751,500224
1775337000754,500224
1775337000757,500224
1775337000760,500224
1775337000762,500224
1775337001328,500224
1775337001331,500224
1775337001334,500224
1775337001337,500224
1775337001341,500224
1775337001346,500224
1775337001350,500224
1775337001353,500224
1775337001356,500224
1775337001358,500224
1775337001361,500224
1775337001364,500224
1775337001367,500224
1775337001370,500224
1775337001373,500224
1775337001375,500224
1775337001378,500224
1775337001931,500224
1775337001936,500224
1775337001940,500224
1775337001942,500224
1775337001945,500224
1775337001948,500224
1775337001951,500224
1775337001954,500224
1775337001956,500224
1775337001959,500224
1775337001962,500224
1775337001964,500224
1775337001967,500224
1775337001970,500224
1775337001973,500224
1775337002531,500224
1775337002534,500224
1775337002539,500224
1775337002542,500224
1775337002545,500224
1775337002548,500224
1775337002550,500224
1775337002553,500224
1775337002555,500224
1775337002558,500224
1775337002561,500224
1775337002563,500224
1775337002566,500224
1775337002569,500224
1775337002571,500224
1775337002574,500224
1775337002578,500224
1775337003134,500224
1775337003139,500224
1775337003143,500224
1775337003147,500224
1775337003151,500224
1775337003155,500224
1775337003159,500224
1775337003163,500224
1775337003167,500224
1775337003171,500224
1775337003174,500224
1775337003178,500224
1775337003181,500224
1775337003183,500224
1775337003186,500224
1775337003189,500224
1775337003737,500224
1775337003740,500224
1775337003744,500224
1775337003747,500224
1775337003749,500224
1775337003752,500224
1775337003755,500224
1775337003757,500224
1775337003760,500224
1775337003764,500224
1775337003770,500224
1775337003773,500224
1775337003776,500224
1775337003780,500224
1775337003784,500224
1775337003787,500224
1775337004337,500224
1775337004340,500224
1775337004345,500224
1775337004348,500224
1775337004351,500224
1775337004354,500224
1775337004357,500224
1775337004359,500224
1775337004362,500224
1775337004365,500224
1775337004371,500224
1775337004374,500224
1775337004377,500224
1775337004380,500224
1775337004941,500224
1775337004944,500224
1775337004947,500224
1775337004950,500224
1775337004953,500224
1775337004956,500224
1775337004958,500224
1775337004961,500224
1775337004963,500224
1775337004966,500224
1775337004969,500224
1775337004972,500224
1775337004974,500224
1775337004977,500224
1775337004980,500224
1775337005542,500224
1775337005545,500224
1775337005547,500224
1775337005550,500224
1775337005553,500224
1775337005556,500224
1775337005558,500224
1775337005562,500224
1775337005565,500224
1775337005567,500224
1775337005570,500224
1775337005575,500224
1775337005578,500224
1775337005581,500224
1775337005583,500224
1775337006142,500224
1775337006145,500224
1775337006148,500224
1775337006152,500224
1775337006155,500224
1775337006158,500224
1775337006161,500224
1775337006163,500224
1775337006166,500224
1775337006169,500224
1775337006171,500224
1775337006174,500224
1775337006177,500224
1775337006182,500224
1775337006186,500224
1775337006189,500224
1775337006743,500224
1775337006746,500224
1775337006751,500224
1775337006754,500224
1775337006757,500224
1775337006759,500224
1775337006762,500224
1775337006765,500224
1775337006767,500224
1775337006770,500224
1775337006772,500224
1775337006775,500224
1775337006778,500224
1775337006780,500224
1775337006783,500224
1775337007346,500224
1775337007350,500224
1775337007353,500224
1775337007356,500224
1775337007358,500224
1775337007361,500224
1775337007364,500224
1775337007367,500224
1775337007369,500224
1775337007372,500224
1775337007375,500224
1775337007377,500224
1775337007380,500224
1775337007382,500224
1775337007385,500224
1775337007387,500224
1775337007389,500224
1775337007949,500224
1775337007952,500224
1775337007954,500224
1775337007957,500224
1775337007960,500224
1775337007963,500224
1775337007965,500224
1775337007968,500224
1775337007971,500224
1775337007974,500224
1775337007976,500224
1775337007979,500224
1775337008548,500224
1775337008551,500224
1775337008554,500224
1775337008557,500224
1775337008559,500224
1775337008562,500224
1775337008565,500224
1775337008567,500224
1775337008570,500224
1775337008573,500224
1775337008575,500224
1775337008578,500224
1775337008580,500224
1775337008583,500224
1775337008585,500224
1775337008587,500224
1775337008589,500224
1775337009149,500224
1775337009153,500224
1775337009158,500224
1775337009160,500224
1775337009163,500224
1775337009166,500224
1775337009169,500224
1775337009172,500224
1775337009175,500224
1775337009178,500224
1775337009181,500224
1775337009184,500224
1775337009186,500224
1775337009189,500224
1775337009751,500224
1775337009754,500224
1775337009758,500224
1775337009761,500224
1775337009764,500224
1775337009767,500224
1775337009770,500224
1775337009775,500224
1775337009781,500224
1775337009784,500224
1775337009787,500224
1775337009790,500224
1775337009793,500224
1775337009795,500224
1775337009798,500224
1775337009801,500224
1775337009803,500224
1775337010356,500224
1775337010359,500224
1775337010364,500224
1775337010367,500224
1775337010369,500224
1775337010372,500224
1775337010375,500224
1775337010378,500224
1775337010380,500224
1775337010383,500224
1775337010386,500224
1775337010388,500224
1775337010391,500224
1775337010393,500224
1775337010395,500224
1775337010398,500224
1775337010957,500224
1775337010960,500224
1775337010963,500224
1775337010966,500224
1775337010968,500224
1775337010971,500224
1775337010974,500224
1775337010976,500224
1775337010979,500224
1775337010982,500224
1775337010984,500224
1775337010987,500224
1775337010989,500224
1775337010992,500224
1775337010994,500224
1775337010997,500224
1775337011557,500224
1775337011560,500224
1775337011564,500224
1775337011566,500224
1775337011573,500224
1775337011576,500224
1775337011579,500224
1775337011582,500224
1775337011584,500224
1775337011587,500224
1775337011590,500224
1775337011592,500224
1775337011595,500224
1775337011598,500224
1775337011602,500224
1775337012159,500224
1775337012162,500224
1775337012165,500224
1775337012168,500224
1775337012170,500224
1775337012177,500224
1775337012180,500224
1775337012183,500224
1775337012186,500224
1775337012188,500224
1775337012191,500224
1775337012194,500224
1775337012196,500224
1775337012199,500224
1775337012201,500224
1775337012765,500224
1775337012768,500224
1775337012771,500224
1775337012774,500224
1775337012777,500224
1775337012779,500224
1775337012782,500224
1775337012785,500224
1775337012788,500224
1775337012790,500224
1775337012793,500224
1775337012795,500224
1775337012797,500224
1775337012800,500224
1775337012802,500224
1775337013359,500224
1775337013361,500224
1775337013363,500224
1775337013366,500224
1775337013369,500224
1775337013371,500224
1775337013372,500224
1775337013373,500224
1775337013375,500224
1775337013376,500224
1775337013377,500224
1775337013379,500224
1775337013380,500224
1775337013381,500224
1775337013383,500224
1775337013961,500224
1775337013962,500224
1775337013964,500224
1775337013966,500224
1775337013967,500224
1775337013969,500224
1775337013970,500224
1775337013972,500224
1775337013973,500224
1775337013975,500224
1775337013976,500224
1775337013978,500224
1775337013981,500224
1775337013984,500224
1775337014566,500224
1775337014573,500224
1775337014576,500224
1775337014578,500224
1775337014581,500224
1775337014585,500224
1775337014588,500224
1775337014592,500224
1775337014595,500224
1775337014599,500224
1775337014603,500224
1775337014605,500224
1775337014608,500224
1775337014611,500224
1775337014613,500224
1775337014616,500224
1775337014619,500224
1775337014622,500224
1775337015169,500224
1775337015174,500224
1775337015177,500224
1775337015180,500224
1775337015183,500224
1775337015185,500224
1775337015188,500224
1775337015191,500224
1775337015194,500224
1775337015197,500224
1775337015200,500224
1775337015202,500224
1775337015206,500224
1775337015208,500224
1775337015211,500224
1775337015214,500224
1775337015766,500224
1775337015769,500224
1775337015773,500224
1775337015778,500224
1775337015781,500224
1775337015783,500224
1775337015786,500224
1775337015790,500224
1775337015793,500224
1775337015796,500224
1775337015798,500224
1775337015801,500224
1775337015804,500224
1775337015806,500224
1775337016371,500224
1775337016374,500224
1775337016377,500224
1775337016380,500224
1775337016384,500224
1775337016387,500224
1775337016390,500224
1775337016392,500224
1775337016395,500224
1775337016398,500224
1775337016400,500224
1775337016403,500224
1775337016406,500224
1775337016408,500224
1775337016411,500224
1775337016973,500224
1775337016978,500224
1775337016982,500224
1775337016985,500224
1775337016988,500224
1775337016991,500224
1775337016994,500224
1775337016997,500224
1775337017001,500224
1775337017005,500224
1775337017008,500224
1775337017011,500224
1775337017013,500224
1775337017016,500224
1775337017020,500224
1775337017023,500224
1775337017574,500224
1775337017577,500224
1775337017579,500224
1775337017582,500224
1775337017585,500224
1775337017587,500224
1775337017590,500224
1775337017592,500224
1775337017595,500224
1775337017598,500224
1775337017600,500224
1775337017603,500224
1775337017606,500224
1775337017608,500224
1775337017611,500224
1775337018174,500224
1775337018177,500224
1775337018180,500224
1775337018183,500224
1775337018185,500224
1775337018188,500224
1775337018191,500224
1775337018193,500224
1775337018196,500224
1775337018199,500224
1775337018202,500224
1775337018205,500224
1775337018207,500224
1775337018210,500224
1775337018213,500224
1775337018215,500224
1775337018775,500224
1775337018778,500224
1775337018782,500224
1775337018786,500224
1775337018788,500224
1775337018791,500224
1775337018794,500224
1775337018797,500224
1775337018800,500224
1775337018802,500224
1775337018805,500224
1775337018808,500224
1775337018810,500224
1775337018813,500224
1775337018815,500224
1775337018818,500224
1775337019377,500224
1775337019380,500224
1775337019386,500224
1775337019389,500224
1775337019392,500224
1775337019395,500224
1775337019397,500224
1775337019400,500224
1775337019403,500224
1775337019405,500224
1775337019408,500224
1775337019411,500224
1775337019413,500224
1775337019416,500224
1775337019419,500224
1775337019421,500224
1775337019979,500224
1775337019984,500224
1775337019989,500224
1775337019994,500224
1775337019997,500224
1775337020000,500224
1775337020002,500224
1775337020005,500224
1775337020008,500224
1775337020011,500224
1775337020014,500224
1775337020016,500224
1775337020019,500224
1775337020022,500224
1775337020025,500224
1775337020580,500224
1775337020584,500224
1775337020587,500224
1775337020590,500224
1775337020597,500224
1775337020599,500224
1775337020602,500224
1775337020605,500224
1775337020608,500224
1775337020610,500224
1775337020613,500224
1775337020616,500224
1775337021182,500224
1775337021185,500224
1775337021188,500224
1775337021191,500224
1775337021195,500224
1775337021199,500224
1775337021203,500224
1775337021207,500224
1775337021210,500224
1775337021213,500224
1775337021216,500224
1775337021219,500224
1775337021222,500224
1775337021225,500224
1775337021228,500224
1775337021231,500224
1775337021234,500224
1775337021787,500224
1775337021795,500224
1775337021800,500224
1775337021806,500224
1775337021811,500224
1775337021816,500224
1775337021820,500224
1775337021826,500224
1775337021830,500224
1775337021832,500224
1775337021835,500224
1775337021838,500224
1775337021841,500224
1775337021843,500224
1775337021846,500224
1775337022384,500224
1775337022387,500224
1775337022390,500224
1775337022393,500224
1775337022396,500224
1775337022399,500224
1775337022402,500224
1775337022405,500224
1775337022408,500224
1775337022411,500224
1775337022413,500224
1775337022416,500224
1775337022420,500224
1775337022423,500224
1775337022426,500224
1775337022428,500224
1775337022986,500224
1775337022989,500224
1775337022991,500224
1775337022996,500224
1775337023001,500224
1775337023004,500224
1775337023006,500224
1775337023009,500224
1775337023012,500224
1775337023014,500224
1775337023017,500224
1775337023020,500224
1775337023022,500224
1775337023025,500224
1775337023028,500224
1775337023030,500224
1775337023589,500224
1775337023592,500224
1775337023594,500224
1775337023597,500224
1775337023600,500224
1775337023603,500224
1775337023605,500224
1775337023608,500224
1775337023611,500224
1775337023613,500224
1775337023616,500224
1775337023619,500224
1775337023621,500224
1775337023624,500224
1775337023627,500224
1775337023629,500224
1775337023632,500224
1775337024191,500224
1775337024194,500224
1775337024198,500224
1775337024200,500224
1775337024203,500224
1775337024206,500224
1775337024208,500224
1775337024211,500224
1775337024214,500224
1775337024216,500224
1775337024219,500224
1775337024222,500224
1775337024793,500224
1775337024796,500224
1775337024799,500224
1775337024801,500224
1775337024804,500224
1775337024807,500224
1775337024809,500224
1775337024812,500224
1775337024815,500224
1775337024817,500224
1775337024820,500224
1775337024823,500224
1775337024826,500224
1775337024829,500224
1775337024832,500224
1775337024835,500224
1775337025394,500224
1775337025397,500224
1775337025401,500224
1775337025404,500224
1775337025406,500224
1775337025409,500224
1775337025412,500224
1775337025414,500224
1775337025417,500224
1775337025420,500224
1775337025422,500224
1775337025425,500224
1775337025428,500224
1775337025430,500224
1775337025995,500224
1775337025998,500224
1775337026001,500224
1775337026004,500224
1775337026007,500224
1775337026010,500224
1775337026012,500224
1775337026015,500224
1775337026018,500224
1775337026021,500224
1775337026024,500224
1775337026026,500224
1775337026029,500224
1775337026032,500224
1775337026035,500224
1775337026038,500224
1775337026041,500224
1775337026043,500224
1775337026598,500224
1775337026601,500224
1775337026604,500224
1775337026606,500224
1775337026609,500224
1775337026612,500224
1775337026614,500224
1775337026617,500224
1775337026620,500224
1775337026622,500224
1775337026625,500224
1775337026628,500224
1775337026630,500224
1775337026633,500224
1775337026635,500224
1775337026638,500224
1775337027200,500224
1775337027204,500224
1775337027207,500224
1775337027210,500224
1775337027213,500224
1775337027216,500224
1775337027219,500224
1775337027222,500224
1775337027224,500224
1775337027227,500224
1775337027230,500224
1775337027232,500224
1775337027235,500224
1775337027238,500224
1775337027240,500224
1775337027801,500224
1775337027804,500224
1775337027807,500224
1775337027811,500224
1775337027814,500224
1775337027817,500224
1775337027820,500224
1775337027822,500224
1775337027825,500224
1775337027828,500224
1775337027830,500224
1775337027833,500224
1775337027836,500224
1775337027838,500224
1775337027841,500224
1775337028403,500224
1775337028406,500224
1775337028408,500224
1775337028411,500224
1775337028414,500224
1775337028416,500224
1775337028419,500224
1775337028422,500224
1775337028424,500224
1775337028427,500224
1775337028430,500224
1775337028432,500224
1775337028435,500224
1775337028438,500224
1775337028440,500224
1775337029004,500224
1775337029007,500224
1775337029010,500224
1775337029013,500224
1775337029015,500224
1775337029018,500224
1775337029021,500224
1775337029023,500224
1775337029026,500224
1775337029029,500224
1775337029031,500224
1775337029034,500224
1775337029037,500224
1775337029039,500224
1775337029042,500224
1775337029607,500224
1775337029610,500224
1775337029613,500224
1775337029616,500224
1775337029618,500224
1775337029621,500224
1775337029624,500224
1775337029627,500224
1775337029630,500224
1775337029632,500224
1775337029635,500224
1775337029638,500224
1775337029640,500224
1775337029643,500224
1775337029646,500224
1775337030209,500224
1775337030212,500224
1775337030215,500224
1775337030218,500224
1775337030221,500224
1775337030223,500224
1775337030226,500224
1775337030229,500224
1775337030232,500224
1775337030234,500224
1775337030237,500224
1775337030240,500224
1775337030242,500224
1775337030249,500224
1775337030253,500224
1775337030255,500224
1775337030813,500224
1775337030816,495104
1775337030819,500224
1775337030822,500224
1775337030825,500224
1775337030827,500224
1775337030830,500224
1775337030833,500224
1775337030836,500224
1775337030842,500224
1775337030845,500224
1775337030847,500224
1775337030849,500224
1775337030851,500224
1775337031411,500224
1775337031414,500224
1775337031417,500224
1775337031419,500224
1775337031423,500224
1775337031426,500224
1775337031428,500224
1775337031433,500224
1775337031437,500224
1775337031440,500224
1775337031443,500224
1775337031446,500224
1775337031448,500224
1775337031451,500224
1775337031454,500224
1775337031456,500224
1775337031459,500224
1775337032013,500224
1775337032016,500224
1775337032019,500224
1775337032022,500224
1775337032028,500224
1775337032032,500224
1775337032036,500224
1775337032039,500224
1775337032042,500224
1775337032045,500224
1775337032048,500224
1775337032051,500224
1775337032053,500224
1775337032056,500224
1775337032059,500224
1775337032062,500224
1775337032615,500224
1775337032618,500224
1775337032621,500224
1775337032624,500224
1775337032626,500224
1775337032629,500224
1775337032632,500224
1775337032634,500224
1775337032637,500224
1775337032640,500224
1775337032642,500224
1775337032645,500224
1775337032648,500224
1775337032650,500224
1775337033216,500224
1775337033219,500224
1775337033221,500224
1775337033225,500224
1775337033228,500224
1775337033232,500224
1775337033235,500224
1775337033237,500224
1775337033240,500224
1775337033243,500224
1775337033245,500224
1775337033248,500224
1775337033251,500224
1775337033253,500224
1775337033256,500224
1775337033817,500224
1775337033820,500224
1775337033823,500224
1775337033826,500224
1775337033829,500224
1775337033832,500224
1775337033835,500224
1775337033837,500224
1775337033841,500224
1775337033844,500224
1775337033847,500224
1775337033850,500224
1775337033853,500224
1775337033856,500224
1775337033859,500224
1775337033861,500224
1775337034419,500224
1775337034423,500224
1775337034425,500224
1775337034428,500224
1775337034431,500224
1775337034433,500224
1775337034436,500224
1775337034439,500224
1775337034442,500224
1775337034444,500224
1775337034447,500224
1775337034450,500224
1775337034452,500224
1775337034455,500224
1775337034458,500224
1775337034460,500224
1775337035022,500224
1775337035025,500224
1775337035028,500224
1775337035031,500224
1775337035034,500224
1775337035036,500224
1775337035039,500224
1775337035042,500224
1775337035045,500224
1775337035047,500224
1775337035050,500224
1775337035053,500224
1775337035056,500224
1775337035058,500224
1775337035061,500224
1775337035623,500224
1775337035627,500224
1775337035631,500224
1775337035634,500224
1775337035637,500224
1775337035640,500224
1775337035643,500224
1775337035646,500224
1775337035648,500224
1775337035651,500224
1775337035654,500224
1775337035657,500224
1775337035659,500224
1775337035662,500224
1775337035665,500224
1775337035667,500224
1775337036225,500224
1775337036228,500224
1775337036230,500224
1775337036233,500224
1775337036236,500224
1775337036239,500224
1775337036242,500224
1775337036245,500224
1775337036248,500224
1775337036251,500224
1775337036253,500224
1775337036256,500224
1775337036259,500224
1775337036262,500224
1775337036265,500224
1775337036826,500224
1775337036829,500224
1775337036832,500224
1775337036835,500224
1775337036838,500224
1775337036840,500224
1775337036843,500224
1775337036846,500224
1775337036848,500224
1775337036851,500224
1775337036854,500224
1775337036856,500224
1775337036859,500224
1775337036862,500224
1775337036865,500224
1775337037434,500224
1775337037438,500224
1775337037442,500224
1775337037445,500224
1775337037448,500224
1775337037450,500224
1775337037453,500224
1775337037456,500224
1775337037459,500224
1775337037461,500224
1775337037464,500224
1775337037467,500224
1775337037470,500224
1775337037473,500224
1775337037476,500224
1775337037479,500224
1775337038029,500224
1775337038032,500224
1775337038035,500224
1775337038038,500224
1775337038040,500224
1775337038043,500224
1775337038046,500224
1775337038048,500224
1775337038051,500224
1775337038054,500224
1775337038057,500224
1775337038059,500224
1775337038062,500224
1775337038632,500224
1775337038635,500224
1775337038638,500224
1775337038641,500224
1775337038644,500224
1775337038647,500224
1775337038649,500224
1775337038652,500224
1775337038655,500224
1775337038659,500224
1775337038662,500224
1775337038665,500224
1775337038668,500224
1775337038671,500224
1775337038674,500224
1775337038677,500224
1775337038680,500224
1775337039233,500224
1775337039237,500224
1775337039242,500224
1775337039247,500224
1775337039251,500224
1775337039256,500224
1775337039261,500224
1775337039264,500224
1775337039267,500224
1775337039270,500224
1775337039273,500224
1775337039275,500224
1775337039278,500224
1775337039280,500224
1775337039283,500224
1775337039285,500224
1775337039835,500224
1775337039838,500224
1775337039841,500224
1775337039844,500224
1775337039846,500224
1775337039849,500224
1775337039852,500224
1775337039855,500224
1775337039858,500224
1775337039860,500224
1775337039863,500224
1775337039866,500224
1775337039869,500224
1775337039872,500224
1775337040436,500224
1775337040439,500224
1775337040442,500224
1775337040444,500224
1775337040447,500224
1775337040450,500224
1775337040453,500224
1775337040456,500224
1775337040459,500224
1775337040462,500224
1775337040466,500224
1775337040469,500224
1775337040474,500224
1775337040479,500224
1775337040482,500224
1775337040485,500224
1775337041037,500224
1775337041040,500224
1775337041043,500224
1775337041046,500224
1775337041049,500224
1775337041052,500224
1775337041054,500224
1775337041057,500224
1775337041060,500224
1775337041063,500224
1775337041065,500224
1775337041068,500224
1775337041071,500224
1775337041074,500224
1775337041076,500224
1775337041079,500224
1775337041640,500224
1775337041642,500224
1775337041645,500224
1775337041648,500224
1775337041650,500224
1775337041653,500224
1775337041656,500224
1775337041658,500224
1775337041661,500224
1775337041664,500224
1775337041667,500224
1775337041670,500224
1775337041673,500224
1775337042240,500224
1775337042243,500224
1775337042245,500224
1775337042248,500224
1775337042251,500224
1775337042253,500224
1775337042256,500224
1775337042259,500224
1775337042261,500224
1775337042264,500224
1775337042267,500224
1775337042269,500224
1775337042272,500224
1775337042275,500224
1775337042277,500224
1775337042280,500224
1775337042843,500224
1775337042845,500224
1775337042848,500224
1775337042851,500224
1775337042854,500224
1775337042856,500224
1775337042859,500224
1775337042862,500224
1775337042864,500224
1775337042867,500224
1775337042869,500224
1775337042872,500224
1775337042875,500224
1775337042878,500224
1775337042881,500224
1775337042883,500224
1775337043447,500224
1775337043449,500224
1775337043452,500224
1775337043455,500224
1775337043458,500224
1775337043460,500224
1775337043464,500224
1775337043467,500224
1775337043470,500224
1775337043473,500224
1775337043475,500224
1775337043478,500224
1775337043481,500224
1775337043484,500224
1775337043486,500224
1775337043489,500224
1775337044045,500224
1775337044048,500224
1775337044051,500224
1775337044054,500224
1775337044057,500224
1775337044059,500224
1775337044062,500224
1775337044065,500224
1775337044067,500224
1775337044070,500224
1775337044073,500224
1775337044075,500224
1775337044078,500224
1775337044081,500224
1775337044083,500224
1775337044086,500224
1775337044647,500224
1775337044650,500224
1775337044653,500224
1775337044656,500224
1775337044659,500224
1775337044662,500224
1775337044665,500224
1775337044668,500224
1775337044671,500224
1775337044674,500224
1775337044677,500224
1775337044680,500224
1775337044683,500224
1775337044686,500224
1775337044689,500224
1775337045261,500224
1775337045265,500224
1775337045268,500224
1775337045272,500224
1775337045275,500224
1775337045278,500224
1775337045282,500224
1775337045285,500224
1775337045288,500224
1775337045290,500224
1775337045293,500224
1775337045296,500224
1775337045298,500224
1775337045301,500224
1775337045304,500224
1775337045306,500224
1775337045851,500224
1775337045854,500224
1775337045857,500224
1775337045860,500224
1775337045863,500224
1775337045866,500224
1775337045869,500224
1775337045872,500224
1775337045875,500224
1775337045878,500224
1775337045881,500224
1775337045884,500224
1775337045886,500224
1775337045889,500224
1775337045892,500224
1775337046452,500224
1775337046457,500224
1775337046461,500224
1775337046463,500224
1775337046466,500224
1775337046469,500224
1775337046471,500224
1775337046474,500224
1775337046477,500224
1775337046480,500224
1775337046482,500224
1775337046485,500224
1775337046488,500224
1775337046492,500224
1775337047053,500224
1775337047056,500224
1775337047058,500224
1775337047061,500224
1775337047064,500224
1775337047067,500224
1775337047070,500224
1775337047074,500224
1775337047076,500224
1775337047079,500224
1775337047082,500224
1775337047084,500224
1775337047087,500224
1775337047090,500224
1775337047092,500224
1775337047095,500224
1775337047098,500224
1775337047100,500224
1775337047655,500224
1775337047658,500224
1775337047661,500224
1775337047664,500224
1775337047667,500224
1775337047670,500224
1775337047673,500224
1775337047676,500224
1775337047679,500224
1775337047682,500224
1775337047684,500224
1775337047687,500224
1775337047690,500224
1775337047692,500224
1775337047695,500224
1775337048258,500224
1775337048261,500224
1775337048264,500224
1775337048267,500224
1775337048270,500224
1775337048273,500224
1775337048276,500224
1775337048278,500224
1775337048281,500224
1775337048284,500224
1775337048286,500224
1775337048289,500224
1775337048292,500224
1775337048295,500224
1775337048863,500224
1775337048868,500224
1775337048873,500224
1775337048878,500224
1775337048883,500224
1775337048888,500224
1775337048893,500224
1775337048897,500224
1775337048899,500224
1775337048902,500224
1775337048905,500224
1775337048907,500224
1775337048910,500224
1775337048913,500224
1775337048915,500224
1775337049461,500224
1775337049465,500224
1775337049468,500224
1775337049471,500224
1775337049473,500224
1775337049477,500224
1775337049481,500224
1775337049485,500224
1775337049488,500224
1775337049491,500224
1775337049494,500224
1775337049497,500224
1775337049500,500224
1775337049503,500224
1775337049507,500224
1775337049510,500224
1775337050062,500224
1775337050065,500224
1775337050067,500224
1775337050071,500224
1775337050074,500224
1775337050077,500224
1775337050080,500224
1775337050082,500224
1775337050085,500224
1775337050088,500224
1775337050091,500224
1775337050093,500224
1775337050096,500224
1775337050099,500224
1775337050664,500224
1775337050667,500224
1775337050670,500224
1775337050673,500224
1775337050675,500224
1775337050678,500224
1775337050680,500224
1775337050683,500224
1775337050686,500224
1775337050689,500224
1775337050691,500224
1775337050694,500224
1775337050697,500224
1775337050699,500224
1775337050702,500224
1775337050705,500224
1775337050707,500224
1775337051266,500224
1775337051270,500224
1775337051273,500224
1775337051276,500224
1775337051279,500224
1775337051282,500224
1775337051285,500224
1775337051288,500224
1775337051291,500224
1775337051294,500224
1775337051296,500224
1775337051299,500224
1775337051302,500224
1775337051304,500224
1775337051307,500224
1775337051867,500224
1775337051870,500224
1775337051873,500224
1775337051876,500224
1775337051878,500224
1775337051881,500224
1775337051884,500224
1775337051887,500224
1775337051889,500224
1775337051892,500224
1775337051895,500224
1775337051898,500224
1775337051900,500224
1775337051903,500224
1775337051907,500224
1775337051909,500224
1775337052472,500224
1775337052475,500224
1775337052478,500224
1775337052481,500224
1775337052485,500224
1775337052488,500224
1775337052491,500224
1775337052494,500224
1775337052497,500224
1775337052499,500224
1775337052502,500224
1775337052504,500224
1775337052507,500224
1775337052509,500224
1775337052511,500224
1775337053072,500224
1775337053075,500224
1775337053078,500224
1775337053081,500224
1775337053084,500224
1775337053087,500224
1775337053089,500224
1775337053092,500224
1775337053095,500224
1775337053098,500224
1775337053100,500224
1775337053103,500224
1775337053106,500224
1775337053108,500224
1775337053111,500224
1775337053113,500224
1775337053116,500224
1775337053673,500224
1775337053676,500224
1775337053679,500224
1775337053682,500224
1775337053685,500224
1775337053688,500224
1775337053691,500224
1775337053694,500224
1775337053697,500224
1775337053700,500224
1775337053702,500224
1775337053705,500224
1775337053708,500224
1775337053710,500224
1775337053712,500224
1775337054274,500224
1775337054277,500224
1775337054280,500224
1775337054283,500224
1775337054286,500224
1775337054289,500224
1775337054291,500224
1775337054295,500224
1775337054298,500224
1775337054301,500224
1775337054304,500224
1775337054307,500224
1775337054310,500224
1775337054312,500224
1775337054315,500224
1775337054877,500224
1775337054880,500224
1775337054883,500224
1775337054886,500224
1775337054890,500224
1775337054893,500224
1775337054895,500224
1775337054898,500224
1775337054901,500224
1775337054904,500224
1775337054907,500224
1775337054910,500224
1775337054913,500224
1775337054915,500224
1775337055479,500224
1775337055482,500224
1775337055485,500224
1775337055488,500224
1775337055491,500224
1775337055495,500224
1775337055498,500224
1775337055501,500224
1775337055504,500224
1775337055507,500224
1775337055510,500224
1775337055513,500224
1775337055516,500224
1775337055519,500224
1775337055522,500224
1775337055525,500224
1775337055528,500224
1775337056080,500224
1775337056084,500224
1775337056086,500224
1775337056089,500224
1775337056092,500224
1775337056095,500224
1775337056097,500224
1775337056100,500224
1775337056103,500224
1775337056106,500224
1775337056108,500224
1775337056111,500224
1775337056114,500224
1775337056116,500224
1775337056119,500224
1775337056682,500224
1775337056685,500224
1775337056688,500224
1775337056692,500224
1775337056695,500224
1775337056698,500224
1775337056702,500224
1775337056705,500224
1775337056708,500224
1775337056711,500224
1775337056715,500224
1775337056718,500224
1775337056720,500224
1775337056722,500224
1775337056724,500224
1775337056726,500224
1775337056728,500224
1775337057283,500224
1775337057290,500224
1775337057296,500224
1775337057299,500224
1775337057302,500224
1775337057305,500224
1775337057308,500224
1775337057311,500224
1775337057315,500224
1775337057318,500224
1775337057321,500224
1775337057324,500224
1775337057326,500224
1775337057329,500224
1775337057886,500224
1775337057889,500224
1775337057892,500224
1775337057894,500224
1775337057898,500224
1775337057901,500224
1775337057904,500224
1775337057909,500224
1775337057912,500224
1775337057915,500224
1775337057918,500224
1775337057921,500224
1775337057924,500224
1775337057927,500224
1775337057930,500224
1775337058488,500224
1775337058491,500224
1775337058494,500224
1775337058496,500224
1775337058499,500224
1775337058502,500224
1775337058505,500224
1775337058508,500224
1775337058510,500224
1775337058513,500224
1775337058516,500224
1775337058519,500224
1775337058521,500224
1775337058523,500224
1775337058526,500224
1775337058528,500224
1775337058530,500224
1775337059089,500224
1775337059093,500224
1775337059096,500224
1775337059099,500224
1775337059101,500224
1775337059104,500224
1775337059107,500224
1775337059109,500224
1775337059112,500224
1775337059115,500224
1775337059118,500224
1775337059121,500224
1775337059124,500224
1775337059127,500224
1775337059130,500224
1775337059133,500224
1775337059690,500224
1775337059693,500224
1775337059697,500224
1775337059700,500224
1775337059702,500224
1775337059705,500224
1775337059708,500224
1775337059710,500224
1775337059713,500224
1775337059716,500224
1775337059718,500224
1775337059721,500224
1775337059724,500224
1775337059726,500224
1775337059729,500224
1775337060293,500224
1775337060296,500224
1775337060298,500224
1775337060301,500224
1775337060304,500224
1775337060307,500224
1775337060309,500224
1775337060312,500224
1775337060315,500224
1775337060318,500224
1775337060320,500224
1775337060323,500224
1775337060326,500224
1775337060333,500224
1775337060336,500224
1775337060845,500224
1775337060848,500224
1775337060852,500224
1775337060855,500224
1775337060858,500224
1775337060860,500224
1775337060863,500224
1775337060866,500224
1775337060869,500224
1775337060871,500224
1775337060874,500224
1775337060877,500224
1775337060879,500224
1775337060882,500224
1775337060884,500224
1775337061447,500224
1775337061450,500224
1775337061453,500224
1775337061456,500224
1775337061459,500224
1775337061461,500224
1775337061464,500224
1775337061467,500224
1775337061469,500224
1775337061472,500224
1775337061475,500224
1775337061477,500224
1775337061480,500224
1775337062053,500224
1775337062057,500224
1775337062059,500224
1775337062062,500224
1775337062065,500224
1775337062067,500224
1775337062070,500224
1775337062072,500224
1775337062075,500224
1775337062078,500224
1775337062080,500224
1775337062083,500224
1775337062086,500224
1775337062088,500224
1775337062091,500224
1775337062093,500224
1775337062095,500224
1775337062654,500224
1775337062657,500224
1775337062661,500224
1775337062664,500224
1775337062667,500224
1775337062670,500224
1775337062673,500224
1775337062675,500224
1775337062678,500224
1775337062681,500224
1775337062683,500224
1775337062686,500224
1775337062689,500224
1775337062691,500224
1775337062694,500224
1775337063254,500224
1775337063257,500224
1775337063260,500224
1775337063263,500224
1775337063265,500224
1775337063268,500224
1775337063271,500224
1775337063274,500224
1775337063277,500224
1775337063279,500224
1775337063282,500224
1775337063285,500224
1775337063287,500224
1775337063289,500224
1775337063291,500224
1775337063293,500224
1775337063855,500224
1775337063858,500224
1775337063861,500224
1775337063864,500224
1775337063867,500224
1775337063870,500224
1775337063873,500224
1775337063875,500224
1775337063878,500224
1775337063881,500224
1775337063884,500224
1775337063886,500224
1775337063889,500224
1775337063891,500224
1775337063894,500224
1775337063898,500224
1775337064455,500224
1775337064458,500224
1775337064461,500224
1775337064464,500224
1775337064466,500224
1775337064469,500224
1775337064472,500224
1775337064475,500224
1775337064477,500224
1775337064480,500224
1775337064483,500224
1775337064485,500224
1775337064488,500224
1775337065056,500224
1775337065059,500224
1775337065062,500224
1775337065065,500224
1775337065068,500224
1775337065071,500224
1775337065073,500224
1775337065076,500224
1775337065079,500224
1775337065081,500224
1775337065084,500224
1775337065087,500224
1775337065089,500224
1775337065092,500224
1775337065097,500224
1775337065658,500224
1775337065661,500224
1775337065664,500224
1775337065666,500224
1775337065669,500224
1775337065672,500224
1775337065674,500224
1775337065677,500224
1775337065680,500224
1775337065682,500224
1775337065685,500224
1775337065688,500224
1775337065690,500224
1775337065693,500224
1775337065695,500224
1775337065698,500224
1775337065700,500224
1775337066259,500224
1775337066261,500224
1775337066264,500224
1775337066267,500224
1775337066269,500224
1775337066272,500224
1775337066275,500224
1775337066277,500224
1775337066280,500224
1775337066283,500224
1775337066285,500224
1775337066288,500224
1775337066291,500224
1775337066293,500224
1775337066295,500224
1775337066298,500224
1775337066859,500224
1775337066862,500224
1775337066865,500224
1775337066868,500224
1775337066870,500224
1775337066873,500224
1775337066876,500224
1775337066879,500224
1775337066881,500224
1775337066884,500224
1775337066887,500224
1775337066890,500224
1775337066892,500224
1775337066895,500224
1775337066897,500224
1775337067461,500224
1775337067464,500224
1775337067467,500224
1775337067470,500224
1775337067472,500224
1775337067475,500224
1775337067478,500224
1775337067480,500224
1775337067483,500224
1775337067486,500224
1775337067488,500224
1775337067491,500224
1775337067493,500224
1775337067495,500224
1775337067498,500224
1775337067500,500224
1775337068062,500224
1775337068065,500224
1775337068068,500224
1775337068071,500224
1775337068075,500224
1775337068078,500224
1775337068080,500224
1775337068083,500224
1775337068086,500224
1775337068088,500224
1775337068091,500224
1775337068094,500224
1775337068096,500224
1775337068099,500224
1775337068102,500224
1775337068105,500224
1775337068107,500224
1775337068664,500224
1775337068669,500224
1775337068672,500224
1775337068675,500224
1775337068678,500224
1775337068681,500224
1775337068684,500224
1775337068687,500224
1775337068690,500224
1775337068694,500224
1775337068697,500224
1775337068700,500224
1775337068703,500224
1775337069272,500224
1775337069274,500224
1775337069278,500224
1775337069281,500224
1775337069284,500224
1775337069287,500224
1775337069290,500224
1775337069293,500224
1775337069296,500224
1775337069299,500224
1775337069301,500224
1775337069304,500224
1775337069307,500224
1775337069310,500224
1775337069313,500224
1775337069316,500224
1775337069869,500224
1775337069873,500224
1775337069876,500224
1775337069879,500224
1775337069883,500224
1775337069885,500224
1775337069888,500224
1775337069892,500224
1775337069895,500224
1775337069898,500224
1775337069901,500224
1775337069904,500224
1775337069906,500224
1775337069910,500224
1775337069913,500224
1775337070472,500224
1775337070475,500224
1775337070478,500224
1775337070481,500224
1775337070484,500224
1775337070487,500224
1775337070490,500224
1775337070493,500224
1775337070495,500224
1775337070498,500224
1775337070501,500224
1775337070503,500224
1775337070506,500224
1775337070508,500224
1775337070511,500224
1775337071077,500224
1775337071081,500224
1775337071085,500224
1775337071088,500224
1775337071092,500224
1775337071094,500224
1775337071097,500224
1775337071100,500224
1775337071103,500224
1775337071106,500224
1775337071108,500224
1775337071111,500224
1775337071114,500224
1775337071120,500224
1775337071125,500224
1775337071130,500224
1775337071133,500224
1775337071673,500224
1775337071676,500224
1775337071680,500224
1775337071683,500224
1775337071685,500224
1775337071688,500224
1775337071691,500224
1775337071693,500224
1775337071696,500224
1775337071699,500224
1775337071701,500224
1775337071704,500224
1775337071707,500224
1775337071710,500224
1775337071712,500224
1775337072273,500224
1775337072277,500224
1775337072280,500224
1775337072283,500224
1775337072286,500224
1775337072289,500224
1775337072292,500224
1775337072294,500224
1775337072297,500224
1775337072300,500224
1775337072303,500224
1775337072306,500224
1775337072309,500224
1775337072311,500224
1775337072875,500224
1775337072878,500224
1775337072881,500224
1775337072883,500224
1775337072886,500224
1775337072889,500224
1775337072893,500224
1775337072897,500224
1775337072901,500224
1775337072905,500224
1775337072909,500224
1775337072913,500224
1775337072917,500224
1775337072921,500224
1775337072924,500224
1775337072927,500224
1775337073477,500224
1775337073480,500224
1775337073483,500224
1775337073485,500224
1775337073488,500224
1775337073491,500224
1775337073494,500224
1775337073496,500224
1775337073499,500224
1775337073502,500224
1775337073505,500224
1775337073507,500224
1775337073510,500224
1775337073513,500224
1775337074080,500224
1775337074083,500224
1775337074086,500224
1775337074089,500224
1775337074091,500224
1775337074094,500224
1775337074097,500224
1775337074099,500224
1775337074102,500224
1775337074105,500224
1775337074107,500224
1775337074110,500224
1775337074113,500224
1775337074115,500224
1775337074118,500224
1775337074120,500224
1775337074123,500224
1775337074679,500224
1775337074682,500224
1775337074685,500224
1775337074688,500224
1775337074690,500224
1775337074693,500224
1775337074696,500224
1775337074698,500224
1775337074701,500224
1775337074704,500224
1775337074707,500224
1775337074709,500224
1775337074712,500224
1775337074714,500224
1775337074716,500224
1775337075281,500224
1775337075283,500224
1775337075286,500224
1775337075289,500224
1775337075291,500224
1775337075294,500224
1775337075297,500224
1775337075299,500224
1775337075302,500224
1775337075305,500224
1775337075307,500224
1775337075310,500224
1775337075313,500224
1775337075315,500224
1775337075318,500224
1775337075883,500224
1775337075886,500224
1775337075888,500224
1775337075891,500224
1775337075894,500224
1775337075897,500224
1775337075899,500224
1775337075902,500224
1775337075905,500224
1775337075907,500224
1775337075910,500224
1775337075913,500224
1775337075915,500224
1775337075918,500224
1775337075921,500224
1775337076491,500224
1775337076494,500224
1775337076497,500224
1775337076500,500224
1775337076502,500224
1775337076505,500224
1775337076508,500224
1775337076511,500224
1775337076514,500224
1775337076517,500224
1775337076520,500224
1775337076523,500224
1775337076525,500224
1775337076528,500224
1775337076531,500224
1775337076534,500224
1775337077086,500224
1775337077090,500224
1775337077092,500224
1775337077095,500224
1775337077098,500224
1775337077102,500224
1775337077105,500224
1775337077107,500224
1775337077110,500224
1775337077113,500224
1775337077115,500224
1775337077118,500224
1775337077121,500224
1775337077123,500224
1775337077126,500224
1775337077129,500224
1775337077688,500224
1775337077691,500224
1775337077694,500224
1775337077697,500224
1775337077700,500224
1775337077703,500224
1775337077706,500224
1775337077709,500224
1775337077712,500224
1775337077715,500224
1775337077717,500224
1775337077720,500224
1775337077723,500224
1775337077725,500224
1775337078289,500224
1775337078292,500224
1775337078295,500224
1775337078297,500224
1775337078300,500224
1775337078303,500224
1775337078305,500224
1775337078308,500224
1775337078311,500224
1775337078313,500224
1775337078316,500224
1775337078318,500224
1775337078321,500224
1775337078324,500224
1775337078326,500224
1775337078329,500224
1775337078891,500224
1775337078894,500224
1775337078897,500224
1775337078900,500224
1775337078903,500224
1775337078906,500224
1775337078908,500224
1775337078911,500224
1775337078914,500224
1775337078917,500224
1775337078919,500224
1775337078922,500224
1775337078925,500224
1775337078928,500224
1775337078931,500224
1775337078934,500224
1775337078937,500224
1775337079493,500224
1775337079496,500224
1775337079498,500224
1775337079501,500224
1775337079504,500224
1775337079506,500224
1775337079509,500224
1775337079512,500224
1775337079515,500224
1775337079517,500224
1775337079521,500224
1775337079524,500224
1775337079527,500224
1775337079529,500224
1775337080094,500224
1775337080096,500224
1775337080099,500224
1775337080102,500224
1775337080104,500224
1775337080107,500224
1775337080110,500224
1775337080112,500224
1775337080115,500224
1775337080117,500224
1775337080120,500224
1775337080123,500224
1775337080125,500224
1775337080695,500224
1775337080698,500224
1775337080701,500224
1775337080703,500224
1775337080706,500224
1775337080709,500224
1775337080712,500224
1775337080715,500224
1775337080717,500224
1775337080720,500224
1775337080722,500224
1775337080725,500224
1775337080728,500224
1775337080730,500224
1775337080733,500224
1775337080736,500224
1775337080738,500224
1775337081297,500224
1775337081300,500224
1775337081302,500224
1775337081305,500224
1775337081308,500224
1775337081310,500224
1775337081313,500224
1775337081316,500224
1775337081318,500224
1775337081321,500224
1775337081324,500224
1775337081326,500224
1775337081329,500224
1775337081331,500224
1775337081334,500224
1775337081898,500224
1775337081901,500224
1775337081904,500224
1775337081907,500224
1775337081910,500224
1775337081912,500224
1775337081915,500224
1775337081918,500224
1775337081921,500224
1775337081923,500224
1775337081926,500224
1775337081929,500224
1775337081932,500224
1775337081934,500224
1775337081937,500224
1775337081940,500224
1775337082503,500224
1775337082506,500224
1775337082509,500224
1775337082513,500224
1775337082516,500224
1775337082519,500224
1775337082522,500224
1775337082525,500224
1775337082527,500224
1775337082530,500224
1775337082533,500224
1775337082535,500224
1775337082537,500224
1775337082540,500224
1775337082542,500224
1775337082544,500224
1775337083103,500224
1775337083106,500224
1775337083108,500224
1775337083111,500224
1775337083114,500224
1775337083116,500224
1775337083119,500224
1775337083121,500224
1775337083124,500224
1775337083127,500224
1775337083129,500224
1775337083132,500224
1775337083135,500224
1775337083138,500224
1775337083141,500224
1775337083144,500224
1775337083147,500224
1775337083704,500224
1775337083707,500224
1775337083710,500224
1775337083712,500224
1775337083715,500224
1775337083717,500224
1775337083720,500224
1775337083723,500224
1775337083725,500224
1775337083728,500224
1775337083731,500224
1775337083733,500224
1775337083736,500224
1775337083738,500224
1775337084304,500224
1775337084307,500224
1775337084310,500224
1775337084313,500224
1775337084315,500224
1775337084318,500224
1775337084321,500224
1775337084323,500224
1775337084326,500224
1775337084329,500224
1775337084331,500224
1775337084334,500224
1775337084337,500224
1775337084339,500224
1775337084342,500224
1775337084906,500224
1775337084909,500224
1775337084912,500224
1775337084915,500224
1775337084917,500224
1775337084920,500224
1775337084923,500224
1775337084926,500224
1775337084929,500224
1775337084931,500224
1775337084934,500224
1775337084937,500224
1775337084939,500224
1775337084942,500224
1775337086119,500224
1775337086123,500224
1775337086126,500224
1775337086128,500224
1775337086131,500224
1775337086134,500224
1775337086136,500224
1775337086139,500224
1775337086142,500224
1775337086144,500224
1775337086147,500224
1775337086149,500224
1775337086152,500224
1775337086155,500224
1775337086157,500224
1775337086159,500224
1775337086162,500224
1775337086164,500224
1775337086166,500224
1775337086168,500224
1775337086170,500224
1775337086172,500224
1775337086174,500224
1775337086175,500224
1775337086177,500224
1775337086179,500224
1775337086180,500224
1775337086182,500224
1775337086184,500224
1775337086185,500224
1775337086187,500224
1775337087313,500224
1775337087316,500224
1775337087319,500224
1775337087322,500224
1775337087326,500224
1775337087329,500224
1775337087332,500224
1775337087334,500224
1775337087337,500224
1775337087340,500224
1775337087343,500224
1775337087346,500224
1775337087349,500224
1775337087352,500224
1775337087355,500224
1775337087357,500224
1775337087360,500224
1775337087363,500224
1775337087365,500224
1775337087368,500224
1775337087371,500224
1775337087373,500224
1775337087376,500224
1775337088515,500224
1775337088517,500224
1775337088520,500224
1775337088523,500224
1775337088525,500224
1775337088528,500224
1775337088531,500224
1775337088533,500224
1775337088536,500224
1775337088539,500224
1775337088542,500224
1775337088545,500224
1775337088547,500224
1775337088550,500224
1775337088553,500224
1775337088555,500224
1775337088558,500224
1775337088561,500224
1775337088563,500224
1775337088565,500224
1775337088568,500224
1775337088570,500224
1775337088573,500224
